updateDate	line	rule	project	effort	type	cleanCodeAttribute	internalTags	issueStatus	flows	scope	externalRuleEngine	key	severity	comments	author	fromSonarQubeUpdate	cleanCodeAttributeCategory	linkedTicketStatus	messageFormattings	impacts	message	creationDate	quickFixAvailable	tags	codeVariants	component	prioritizedRule	textRange	debt	hash	status
2026-05-30T23:47:29+0000	76.0	external_roslyn:CS1998	Clinica-Santa-Monica	0min	CODE_SMELL	CONVENTIONAL		OPEN		MAIN	roslyn	316dfa03-ab30-4601-8d80-21fc3b1f6b2f	MAJOR		yukyuel@gmail.com	false	CONSISTENT	NOT_LINKED		"{softwareQuality=MAINTAINABILITY, severity=MEDIUM} / "	"El método asincrónico carece de operadores ""await"" y se ejecutará de forma sincrónica. Puede usar el operador 'await' para esperar llamadas API que no sean de bloqueo o 'await Task.Run(...)' para hacer tareas enlazadas a la CPU en un subproceso en segundo plano."	2026-05-29T04:07:50+0000	false			Clinica-Santa-Monica:Clinica.WASM/Components/Pagos/CambiarEstadoPagoDialog.razor	false	{startLine=76.0, endLine=76.0, startOffset=23.0, endOffset=37.0}	0min	4969da7acce162abbe35a17a47be25fc	OPEN
2026-05-30T23:47:29+0000	47.0	external_roslyn:CS8602	Clinica-Santa-Monica	0min	CODE_SMELL	CONVENTIONAL		OPEN		MAIN	roslyn	fb0be8a3-1961-47a9-bfad-713eb6020c6e	MAJOR		yukyuel@gmail.com	false	CONSISTENT	NOT_LINKED		"{softwareQuality=MAINTAINABILITY, severity=MEDIUM} / "	Desreferencia de una referencia posiblemente NULL.	2026-05-29T04:07:50+0000	false			Clinica-Santa-Monica:Clinica.WASM/Pages/Pagos/PagosPage.razor.cs	false	{startLine=47.0, endLine=47.0, startOffset=13.0, endOffset=19.0}	0min	c039e5ea03ea1b35990e10f12f0c5d54	OPEN
2026-05-30T23:47:29+0000	74.0	external_roslyn:CS1998	Clinica-Santa-Monica	0min	CODE_SMELL	CONVENTIONAL		OPEN		MAIN	roslyn	027c27fe-d19d-470c-9778-5408bfcbbae2	MAJOR		yukyuel@gmail.com	false	CONSISTENT	NOT_LINKED		"{softwareQuality=MAINTAINABILITY, severity=MEDIUM} / "	"El método asincrónico carece de operadores ""await"" y se ejecutará de forma sincrónica. Puede usar el operador 'await' para esperar llamadas API que no sean de bloqueo o 'await Task.Run(...)' para hacer tareas enlazadas a la CPU en un subproceso en segundo plano."	2026-05-29T03:51:56+0000	false			Clinica-Santa-Monica:Clinica.WASM/Components/Usuarios/CambiarEstadoUsuarioDialog.razor	false	{startLine=74.0, endLine=74.0, startOffset=23.0, endOffset=37.0}	0min	4969da7acce162abbe35a17a47be25fc	OPEN
2026-05-30T23:47:29+0000	88.0	external_roslyn:CS8602	Clinica-Santa-Monica	0min	CODE_SMELL	CONVENTIONAL		OPEN		MAIN	roslyn	56b234bd-6f9f-46a5-bd33-26ec3f387543	MAJOR		yukyuel@gmail.com	false	CONSISTENT	NOT_LINKED		"{softwareQuality=MAINTAINABILITY, severity=MEDIUM} / "	Desreferencia de una referencia posiblemente NULL.	2026-05-29T03:51:56+0000	false			Clinica-Santa-Monica:Clinica.WASM/Pages/Usuarios/UsuariosPage.razor.cs	false	{startLine=88.0, endLine=88.0, startOffset=13.0, endOffset=19.0}	0min	60b72b5af7771bfd82c6dfca97943233	OPEN
2026-05-30T23:47:29+0000	77.0	external_roslyn:CS1998	Clinica-Santa-Monica	0min	CODE_SMELL	CONVENTIONAL		OPEN		MAIN	roslyn	5d031e7e-da99-4d1c-bda7-ec173011e576	MAJOR		yukyuel@gmail.com	false	CONSISTENT	NOT_LINKED		"{softwareQuality=MAINTAINABILITY, severity=MEDIUM} / "	"El método asincrónico carece de operadores ""await"" y se ejecutará de forma sincrónica. Puede usar el operador 'await' para esperar llamadas API que no sean de bloqueo o 'await Task.Run(...)' para hacer tareas enlazadas a la CPU en un subproceso en segundo plano."	2026-05-29T03:33:36+0000	false			Clinica-Santa-Monica:Clinica.WASM/Components/Pacientes/CambiarEstadoPacienteDialog.razor	false	{startLine=77.0, endLine=77.0, startOffset=25.0, endOffset=39.0}	0min	da859c8667771ed0b00d46da12a7c518	OPEN
2026-05-30T23:47:29+0000	-	external_roslyn:MUD0002	Clinica-Santa-Monica	0min	CODE_SMELL	CONVENTIONAL		OPEN		MAIN	roslyn	c65dd93b-22ba-484a-b751-0be22b871efc	MAJOR		yukyuel@gmail.com	false	CONSISTENT	NOT_LINKED		"{softwareQuality=MAINTAINABILITY, severity=MEDIUM} / "	Illegal Attribute 'Align' on 'MudTh' using pattern 'LowerCase' source location '(525,16)-(525,76)'	2026-05-29T03:33:36+0000	false			Clinica-Santa-Monica:Clinica.WASM/Components/Pacientes/PacientesTable.razor	false	-	0min	-	OPEN
2026-05-30T23:47:29+0000	168.0	external_roslyn:CS8602	Clinica-Santa-Monica	0min	CODE_SMELL	CONVENTIONAL		OPEN		MAIN	roslyn	4d7734ba-4aa6-4e6a-b213-ad57f5a5f568	MAJOR		yukyuel@gmail.com	false	CONSISTENT	NOT_LINKED		"{softwareQuality=MAINTAINABILITY, severity=MEDIUM} / "	Desreferencia de una referencia posiblemente NULL.	2026-05-29T03:33:36+0000	false			Clinica-Santa-Monica:Clinica.WASM/Pages/Pacientes/PacientesPage.razor.cs	false	{startLine=168.0, endLine=168.0, startOffset=13.0, endOffset=19.0}	0min	50af3363d76ba79f7895b9d561881b5d	OPEN
2026-05-30T23:47:29+0000	-	external_roslyn:MUD0002	Clinica-Santa-Monica	0min	CODE_SMELL	CONVENTIONAL		OPEN		MAIN	roslyn	d0110fdc-6bc7-4133-b811-f25ea6b0baca	MAJOR		yukyuel@gmail.com	false	CONSISTENT	NOT_LINKED		"{softwareQuality=MAINTAINABILITY, severity=MEDIUM} / "	Illegal Attribute 'Thickness' on 'MudProgressCircular' using pattern 'LowerCase' source location '(341,12)-(341,64)'	2026-05-29T03:03:44+0000	false			Clinica-Santa-Monica:Clinica.WASM/Components/Auth/RequireAuth.razor	false	-	0min	-	OPEN
2026-05-30T23:47:29+0000	-	external_roslyn:MUD0002	Clinica-Santa-Monica	0min	CODE_SMELL	CONVENTIONAL		OPEN		MAIN	roslyn	b64357aa-a3d7-4c26-9c4f-8fa019ac682b	MAJOR		yukyuel@gmail.com	false	CONSISTENT	NOT_LINKED		"{softwareQuality=MAINTAINABILITY, severity=MEDIUM} / "	Illegal Attribute 'Thickness' on 'MudProgressCircular' using pattern 'LowerCase' source location '(341,12)-(341,64)'	2026-05-29T03:03:44+0000	false			Clinica-Santa-Monica:Clinica.WASM/Components/Auth/RequirePermission.razor	false	-	0min	-	OPEN
2026-05-30T23:47:29+0000	-	external_roslyn:MUD0002	Clinica-Santa-Monica	0min	CODE_SMELL	CONVENTIONAL		OPEN		MAIN	roslyn	4de56c89-8b60-4f92-a193-d5c0ce3e2e36	MAJOR		yukyuel@gmail.com	false	CONSISTENT	NOT_LINKED		"{softwareQuality=MAINTAINABILITY, severity=MEDIUM} / "	Illegal Attribute '@bind-Value' on 'MudTextField' using pattern 'LowerCase' source location '(940,8)-(940,70)'	2026-05-29T02:42:27+0000	false			Clinica-Santa-Monica:Clinica.WASM/Components/Roles/RolEditForm.razor	false	-	0min	-	OPEN
2026-05-30T23:47:29+0000	79.0	external_roslyn:CS1998	Clinica-Santa-Monica	0min	CODE_SMELL	CONVENTIONAL		OPEN		MAIN	roslyn	bd452aa2-23f7-460d-b45f-7b32478de5d4	MAJOR		yukyuel@gmail.com	false	CONSISTENT	NOT_LINKED		"{softwareQuality=MAINTAINABILITY, severity=MEDIUM} / "	"El método asincrónico carece de operadores ""await"" y se ejecutará de forma sincrónica. Puede usar el operador 'await' para esperar llamadas API que no sean de bloqueo o 'await Task.Run(...)' para hacer tareas enlazadas a la CPU en un subproceso en segundo plano."	2026-05-29T01:46:25+0000	false			Clinica-Santa-Monica:Clinica.WASM/Pages/Historiales/HistorialClinicoPage.razor.cs	false	{startLine=79.0, endLine=79.0, startOffset=42.0, endOffset=56.0}	0min	197faa8bf2f25589c1adee5b713ebc24	OPEN
2026-05-30T23:47:29+0000	54.0	css:S7924	Clinica-Santa-Monica	5min	CODE_SMELL	CONVENTIONAL		OPEN		MAIN	-	2f5dcd26-b254-43eb-95e5-97f240c7ca95	MAJOR		yukyuel@gmail.com	false	CONSISTENT	NOT_LINKED		"{softwareQuality=MAINTAINABILITY, severity=MEDIUM} / "	Text does not meet the minimal contrast requirement with its background.	2026-05-29T01:46:25+0000	false	"css / accessibility / wcag / contrast / "		Clinica-Santa-Monica:Clinica.WASM/Pages/Historiales/HistorialClinicoPage.razor.css	false	{startLine=54.0, endLine=54.0, startOffset=4.0, endOffset=19.0}	5min	6a502164902fcbe33355238ed2a2955d	OPEN
2026-05-30T23:47:29+0000	60.0	csharpsquid:S6580	Clinica-Santa-Monica	10min	CODE_SMELL	CONVENTIONAL		OPEN		MAIN	-	20a2a9f4-462d-43be-a2b7-40d51d5b3227	MAJOR		yukyuel@gmail.com	false	CONSISTENT	NOT_LINKED		"{softwareQuality=MAINTAINABILITY, severity=MEDIUM} / "	Use a format provider when parsing date and time.	2026-05-29T01:37:22+0000	false	"pitfall / "		Clinica-Santa-Monica:Clinica.API/Controllers/HorariosController.cs	false	{startLine=60.0, endLine=60.0, startOffset=14.0, endOffset=35.0}	10min	4f5a8dd7fa3e0c66b64890a2c15658ef	OPEN
2026-05-30T23:47:29+0000	23.0	csharpsquid:S3776	Clinica-Santa-Monica	6min	CODE_SMELL	FOCUSED		OPEN	"{locations=[{component=Clinica-Santa-Monica:Clinica.API/Services/Imp/HorarioDoctorService.cs, textRange={startLine=29.0, endLine=29.0, startOffset=8.0, endOffset=10.0}, msg=+1, msgFormattings=[]}]} / {locations=[{component=Clinica-Santa-Monica:Clinica.API/Services/Imp/HorarioDoctorService.cs, textRange={startLine=42.0, endLine=42.0, startOffset=75.0, endOffset=77.0}, msg=+1, msgFormattings=[]}]} / {locations=[{component=Clinica-Santa-Monica:Clinica.API/Services/Imp/HorarioDoctorService.cs, textRange={startLine=61.0, endLine=61.0, startOffset=8.0, endOffset=13.0}, msg=+1, msgFormattings=[]}]} / {locations=[{component=Clinica-Santa-Monica:Clinica.API/Services/Imp/HorarioDoctorService.cs, textRange={startLine=70.0, endLine=70.0, startOffset=12.0, endOffset=15.0}, msg=+2 (incl 1 for nesting), msgFormattings=[]}]} / {locations=[{component=Clinica-Santa-Monica:Clinica.API/Services/Imp/HorarioDoctorService.cs, textRange={startLine=82.0, endLine=82.0, startOffset=98.0, endOffset=100.0}, msg=+1, msgFormattings=[]}]} / {locations=[{component=Clinica-Santa-Monica:Clinica.API/Services/Imp/HorarioDoctorService.cs, textRange={startLine=83.0, endLine=83.0, startOffset=89.0, endOffset=91.0}, msg=+1, msgFormattings=[]}]} / {locations=[{component=Clinica-Santa-Monica:Clinica.API/Services/Imp/HorarioDoctorService.cs, textRange={startLine=85.0, endLine=85.0, startOffset=16.0, endOffset=18.0}, msg=+3 (incl 2 for nesting), msgFormattings=[]}]} / {locations=[{component=Clinica-Santa-Monica:Clinica.API/Services/Imp/HorarioDoctorService.cs, textRange={startLine=85.0, endLine=85.0, startOffset=41.0, endOffset=43.0}, msg=+1, msgFormattings=[]}]} / {locations=[{component=Clinica-Santa-Monica:Clinica.API/Services/Imp/HorarioDoctorService.cs, textRange={startLine=90.0, endLine=90.0, startOffset=87.0, endOffset=89.0}, msg=+1, msgFormattings=[]}]} / {locations=[{component=Clinica-Santa-Monica:Clinica.API/Services/Imp/HorarioDoctorService.cs, textRange={startLine=91.0, endLine=91.0, startOffset=76.0, endOffset=78.0}, msg=+1, msgFormattings=[]}]} / {locations=[{component=Clinica-Santa-Monica:Clinica.API/Services/Imp/HorarioDoctorService.cs, textRange={startLine=91.0, endLine=91.0, startOffset=49.0, endOffset=51.0}, msg=+1, msgFormattings=[]}]} / {locations=[{component=Clinica-Santa-Monica:Clinica.API/Services/Imp/HorarioDoctorService.cs, textRange={startLine=91.0, endLine=91.0, startOffset=107.0, endOffset=109.0}, msg=+1, msgFormattings=[]}]} / {locations=[{component=Clinica-Santa-Monica:Clinica.API/Services/Imp/HorarioDoctorService.cs, textRange={startLine=93.0, endLine=93.0, startOffset=16.0, endOffset=18.0}, msg=+3 (incl 2 for nesting), msgFormattings=[]}]} / {locations=[{component=Clinica-Santa-Monica:Clinica.API/Services/Imp/HorarioDoctorService.cs, textRange={startLine=98.0, endLine=98.0, startOffset=71.0, endOffset=72.0}, msg=+4 (incl 3 for nesting), msgFormattings=[]}]} / "	MAIN	-	9abc74c4-273d-4af2-b9fb-a3a1b9fde332	CRITICAL		yukyuel@gmail.com	false	ADAPTABLE	NOT_LINKED		"{softwareQuality=MAINTAINABILITY, severity=HIGH} / "	Refactor this method to reduce its Cognitive Complexity from 22 to the 15 allowed.	2026-05-29T01:37:22+0000	false	"brain-overload / "		Clinica-Santa-Monica:Clinica.API/Services/Imp/HorarioDoctorService.cs	false	{startLine=23.0, endLine=23.0, startOffset=36.0, endOffset=61.0}	6min	ff00558631405554fb09e202de26eafd	OPEN
2026-05-30T23:47:29+0000	176.0	external_roslyn:CS1998	Clinica-Santa-Monica	0min	CODE_SMELL	CONVENTIONAL		OPEN		MAIN	roslyn	97725d27-fc05-469b-9dfb-57141828203f	MAJOR		yukyuel@gmail.com	false	CONSISTENT	NOT_LINKED		"{softwareQuality=MAINTAINABILITY, severity=MEDIUM} / "	"El método asincrónico carece de operadores ""await"" y se ejecutará de forma sincrónica. Puede usar el operador 'await' para esperar llamadas API que no sean de bloqueo o 'await Task.Run(...)' para hacer tareas enlazadas a la CPU en un subproceso en segundo plano."	2026-05-29T00:38:54+0000	false			Clinica-Santa-Monica:Clinica.WASM/Components/Citas/CitaForm.razor	false	{startLine=176.0, endLine=176.0, startOffset=43.0, endOffset=57.0}	0min	aa71b65c8f340a745b3cf52795ef5dae	OPEN
2026-05-30T23:47:29+0000	237.0	javascript:S7764	Clinica-Santa-Monica	2min	CODE_SMELL	CONVENTIONAL		OPEN		MAIN	-	0e8b8e9a-962c-4ee9-af1b-cacbd9a97608	MINOR		yukyuel@gmail.com	false	CONSISTENT	NOT_LINKED		"{softwareQuality=MAINTAINABILITY, severity=LOW} / "	Prefer `globalThis` over `window`.	2026-05-29T00:38:54+0000	true	"portability / es2020 / "		Clinica-Santa-Monica:Clinica.WASM/wwwroot/index.html	false	{startLine=237.0, endLine=237.0, startOffset=4.0, endOffset=10.0}	2min	a2e6ee861457ab22b7cf04b2828820cb	OPEN
2026-05-30T23:47:29+0000	35.0	csharpsquid:S1192	Clinica-Santa-Monica	4min	CODE_SMELL	DISTINCT		OPEN	"{locations=[{component=Clinica-Santa-Monica:Clinica.WASM/Themes/ClinicaTheme.cs, textRange={startLine=38.0, endLine=38.0, startOffset=41.0, endOffset=50.0}, msgFormattings=[]}]} / {locations=[{component=Clinica-Santa-Monica:Clinica.WASM/Themes/ClinicaTheme.cs, textRange={startLine=48.0, endLine=48.0, startOffset=41.0, endOffset=50.0}, msgFormattings=[]}]} / {locations=[{component=Clinica-Santa-Monica:Clinica.WASM/Themes/ClinicaTheme.cs, textRange={startLine=90.0, endLine=90.0, startOffset=42.0, endOffset=51.0}, msgFormattings=[]}]} / "	MAIN	-	4542911b-f116-48ad-bb79-29b43f35d75f	MINOR		yukyuel@gmail.com	false	ADAPTABLE	NOT_LINKED		"{softwareQuality=MAINTAINABILITY, severity=LOW} / "	Define a constant instead of using this literal '#64748B' 4 times.	2026-05-28T23:36:56+0000	false	"design / "		Clinica-Santa-Monica:Clinica.WASM/Themes/ClinicaTheme.cs	false	{startLine=35.0, endLine=35.0, startOffset=38.0, endOffset=47.0}	4min	c8f719db4bc3d952e2fec6b74e179a9c	OPEN
2026-05-30T23:47:29+0000	-	external_roslyn:MUD0002	Clinica-Santa-Monica	0min	CODE_SMELL	CONVENTIONAL		OPEN		MAIN	roslyn	93a0f478-0fd3-4278-8a87-bf5b1403db54	MAJOR		yukyuel@gmail.com	false	CONSISTENT	NOT_LINKED		"{softwareQuality=MAINTAINABILITY, severity=MEDIUM} / "	Illegal Attribute 'Thickness' on 'MudProgressCircular' using pattern 'LowerCase' source location '(420,12)-(420,65)'	2026-05-28T22:35:34+0000	false			Clinica-Santa-Monica:Clinica.WASM/Pages/Home.razor	false	-	0min	-	OPEN
2026-05-30T23:47:29+0000	49.0	csharpsquid:S1192	Clinica-Santa-Monica	4min	CODE_SMELL	DISTINCT		OPEN	"{locations=[{component=Clinica-Santa-Monica:Clinica.WASM/Themes/ClinicaTheme.cs, textRange={startLine=77.0, endLine=77.0, startOffset=38.0, endOffset=47.0}, msgFormattings=[]}]} / {locations=[{component=Clinica-Santa-Monica:Clinica.WASM/Themes/ClinicaTheme.cs, textRange={startLine=80.0, endLine=80.0, startOffset=41.0, endOffset=50.0}, msgFormattings=[]}]} / {locations=[{component=Clinica-Santa-Monica:Clinica.WASM/Themes/ClinicaTheme.cs, textRange={startLine=89.0, endLine=89.0, startOffset=41.0, endOffset=50.0}, msgFormattings=[]}]} / "	MAIN	-	267ba965-1ec8-4fdf-a2fb-04bf50721fe3	MINOR		yukyuel@gmail.com	false	ADAPTABLE	NOT_LINKED		"{softwareQuality=MAINTAINABILITY, severity=LOW} / "	Define a constant instead of using this literal '#94A3B8' 4 times.	2026-05-28T22:35:34+0000	false	"design / "		Clinica-Santa-Monica:Clinica.WASM/Themes/ClinicaTheme.cs	false	{startLine=49.0, endLine=49.0, startOffset=42.0, endOffset=51.0}	4min	2ed23267c233b63e085304bd7052bcd3	OPEN
2026-05-30T23:47:29+0000	70.0	csharpsquid:S1192	Clinica-Santa-Monica	4min	CODE_SMELL	DISTINCT		OPEN	"{locations=[{component=Clinica-Santa-Monica:Clinica.WASM/Themes/ClinicaTheme.cs, textRange={startLine=73.0, endLine=73.0, startOffset=44.0, endOffset=53.0}, msgFormattings=[]}]} / {locations=[{component=Clinica-Santa-Monica:Clinica.WASM/Themes/ClinicaTheme.cs, textRange={startLine=75.0, endLine=75.0, startOffset=44.0, endOffset=53.0}, msgFormattings=[]}]} / {locations=[{component=Clinica-Santa-Monica:Clinica.WASM/Themes/ClinicaTheme.cs, textRange={startLine=91.0, endLine=91.0, startOffset=52.0, endOffset=61.0}, msgFormattings=[]}]} / "	MAIN	-	e0a52bac-dff1-4ed8-92e6-e8d606c75646	MINOR		yukyuel@gmail.com	false	ADAPTABLE	NOT_LINKED		"{softwareQuality=MAINTAINABILITY, severity=LOW} / "	Define a constant instead of using this literal '#111827' 4 times.	2026-05-28T22:35:34+0000	false	"design / "		Clinica-Santa-Monica:Clinica.WASM/Themes/ClinicaTheme.cs	false	{startLine=70.0, endLine=70.0, startOffset=42.0, endOffset=51.0}	4min	b28e46d47d4bac25647fe17bb8c58176	OPEN
2026-05-30T23:47:29+0000	98.0	csharpsquid:S1192	Clinica-Santa-Monica	4min	CODE_SMELL	DISTINCT		OPEN	"{locations=[{component=Clinica-Santa-Monica:Clinica.WASM/Themes/ClinicaTheme.cs, textRange={startLine=105.0, endLine=105.0, startOffset=37.0, endOffset=44.0}, msgFormattings=[]}]} / {locations=[{component=Clinica-Santa-Monica:Clinica.WASM/Themes/ClinicaTheme.cs, textRange={startLine=113.0, endLine=113.0, startOffset=37.0, endOffset=44.0}, msgFormattings=[]}]} / {locations=[{component=Clinica-Santa-Monica:Clinica.WASM/Themes/ClinicaTheme.cs, textRange={startLine=121.0, endLine=121.0, startOffset=37.0, endOffset=44.0}, msgFormattings=[]}]} / {locations=[{component=Clinica-Santa-Monica:Clinica.WASM/Themes/ClinicaTheme.cs, textRange={startLine=128.0, endLine=128.0, startOffset=37.0, endOffset=44.0}, msgFormattings=[]}]} / "	MAIN	-	5c18917a-0ed5-4191-b92e-f2de005d7668	MINOR		yukyuel@gmail.com	false	ADAPTABLE	NOT_LINKED		"{softwareQuality=MAINTAINABILITY, severity=LOW} / "	Define a constant instead of using this literal 'Inter' 5 times.	2026-05-28T22:35:34+0000	false	"design / "		Clinica-Santa-Monica:Clinica.WASM/Themes/ClinicaTheme.cs	false	{startLine=98.0, endLine=98.0, startOffset=37.0, endOffset=44.0}	4min	3badda046fdb34739597b2741a5b3e0a	OPEN
2026-05-30T23:47:29+0000	98.0	csharpsquid:S1192	Clinica-Santa-Monica	4min	CODE_SMELL	DISTINCT		OPEN	"{locations=[{component=Clinica-Santa-Monica:Clinica.WASM/Themes/ClinicaTheme.cs, textRange={startLine=105.0, endLine=105.0, startOffset=46.0, endOffset=57.0}, msgFormattings=[]}]} / {locations=[{component=Clinica-Santa-Monica:Clinica.WASM/Themes/ClinicaTheme.cs, textRange={startLine=113.0, endLine=113.0, startOffset=46.0, endOffset=57.0}, msgFormattings=[]}]} / {locations=[{component=Clinica-Santa-Monica:Clinica.WASM/Themes/ClinicaTheme.cs, textRange={startLine=121.0, endLine=121.0, startOffset=46.0, endOffset=57.0}, msgFormattings=[]}]} / {locations=[{component=Clinica-Santa-Monica:Clinica.WASM/Themes/ClinicaTheme.cs, textRange={startLine=128.0, endLine=128.0, startOffset=46.0, endOffset=57.0}, msgFormattings=[]}]} / "	MAIN	-	bdc177d2-e7c7-4218-8f6a-89d06d0357b5	MINOR		yukyuel@gmail.com	false	ADAPTABLE	NOT_LINKED		"{softwareQuality=MAINTAINABILITY, severity=LOW} / "	Define a constant instead of using this literal 'system-ui' 5 times.	2026-05-28T22:35:34+0000	false	"design / "		Clinica-Santa-Monica:Clinica.WASM/Themes/ClinicaTheme.cs	false	{startLine=98.0, endLine=98.0, startOffset=46.0, endOffset=57.0}	4min	3badda046fdb34739597b2741a5b3e0a	OPEN
2026-05-30T23:47:29+0000	98.0	csharpsquid:S1192	Clinica-Santa-Monica	4min	CODE_SMELL	DISTINCT		OPEN	"{locations=[{component=Clinica-Santa-Monica:Clinica.WASM/Themes/ClinicaTheme.cs, textRange={startLine=105.0, endLine=105.0, startOffset=59.0, endOffset=71.0}, msgFormattings=[]}]} / {locations=[{component=Clinica-Santa-Monica:Clinica.WASM/Themes/ClinicaTheme.cs, textRange={startLine=113.0, endLine=113.0, startOffset=59.0, endOffset=71.0}, msgFormattings=[]}]} / {locations=[{component=Clinica-Santa-Monica:Clinica.WASM/Themes/ClinicaTheme.cs, textRange={startLine=121.0, endLine=121.0, startOffset=59.0, endOffset=71.0}, msgFormattings=[]}]} / {locations=[{component=Clinica-Santa-Monica:Clinica.WASM/Themes/ClinicaTheme.cs, textRange={startLine=128.0, endLine=128.0, startOffset=59.0, endOffset=71.0}, msgFormattings=[]}]} / "	MAIN	-	e4898871-daa9-4132-9295-0d3a96487824	MINOR		yukyuel@gmail.com	false	ADAPTABLE	NOT_LINKED		"{softwareQuality=MAINTAINABILITY, severity=LOW} / "	Define a constant instead of using this literal 'sans-serif' 5 times.	2026-05-28T22:35:34+0000	false	"design / "		Clinica-Santa-Monica:Clinica.WASM/Themes/ClinicaTheme.cs	false	{startLine=98.0, endLine=98.0, startOffset=59.0, endOffset=71.0}	4min	3badda046fdb34739597b2741a5b3e0a	OPEN
2026-05-30T23:47:29+0000	100.0	external_roslyn:CS1998	Clinica-Santa-Monica	0min	CODE_SMELL	CONVENTIONAL		OPEN		MAIN	roslyn	a37625ff-446f-41dd-b1de-81089aa003cc	MAJOR		yukyuel@gmail.com	false	CONSISTENT	NOT_LINKED		"{softwareQuality=MAINTAINABILITY, severity=MEDIUM} / "	"El método asincrónico carece de operadores ""await"" y se ejecutará de forma sincrónica. Puede usar el operador 'await' para esperar llamadas API que no sean de bloqueo o 'await Task.Run(...)' para hacer tareas enlazadas a la CPU en un subproceso en segundo plano."	2026-05-28T18:04:11+0000	false			Clinica-Santa-Monica:Clinica.WASM/Components/Finanzas/RegistrarAjusteFinancieroDialog.razor	false	{startLine=100.0, endLine=100.0, startOffset=23.0, endOffset=37.0}	0min	66f1a74021217c3c2b5017b4a0b14c4c	OPEN
2026-05-30T23:47:29+0000	77.0	external_roslyn:CS8602	Clinica-Santa-Monica	0min	CODE_SMELL	CONVENTIONAL		OPEN		MAIN	roslyn	4ff66167-8539-43f3-a37f-356d11e8cd1f	MAJOR		yukyuel@gmail.com	false	CONSISTENT	NOT_LINKED		"{softwareQuality=MAINTAINABILITY, severity=MEDIUM} / "	Desreferencia de una referencia posiblemente NULL.	2026-05-28T18:04:11+0000	false			Clinica-Santa-Monica:Clinica.WASM/Components/Pagos/AjustesPagoDialog.razor	false	{startLine=77.0, endLine=77.0, startOffset=13.0, endOffset=19.0}	0min	a578a89959af0858a8e393dbfa7176b0	OPEN
2026-05-30T23:47:29+0000	42.0	csharpsquid:S2486	Clinica-Santa-Monica	1h	CODE_SMELL	CLEAR		OPEN		MAIN	-	02d2c423-2033-4e4d-af6c-443e2208d9eb	MINOR		yukyuel@gmail.com	false	INTENTIONAL	NOT_LINKED		"{softwareQuality=MAINTAINABILITY, severity=LOW} / "	Handle the exception or explain in a comment why it can be ignored.	2026-05-28T18:04:11+0000	false	"cwe / error-handling / suspicious / "		Clinica-Santa-Monica:Clinica.WASM/Pages/Finanzas/FinanzasPage.razor.cs	false	{startLine=42.0, endLine=42.0, startOffset=8.0, endOffset=17.0}	1h	66f7e29d950751a7076c612a51838ebc	OPEN
2026-05-30T23:47:29+0000	42.0	csharpsquid:S108	Clinica-Santa-Monica	5min	CODE_SMELL	CLEAR		OPEN		MAIN	-	12cab008-eb42-4c4e-bc2c-14294a6da2d9	MAJOR		yukyuel@gmail.com	false	INTENTIONAL	NOT_LINKED		"{softwareQuality=MAINTAINABILITY, severity=MEDIUM} / "	Either remove or fill this block of code.	2026-05-28T18:04:11+0000	false	"suspicious / "		Clinica-Santa-Monica:Clinica.WASM/Pages/Finanzas/FinanzasPage.razor.cs	false	{startLine=42.0, endLine=42.0, startOffset=14.0, endOffset=17.0}	5min	66f7e29d950751a7076c612a51838ebc	OPEN
2026-05-30T23:47:29+0000	154.0	external_roslyn:CS8602	Clinica-Santa-Monica	0min	CODE_SMELL	CONVENTIONAL		OPEN		MAIN	roslyn	a2693c5c-835c-43ef-8184-eca7fb55b86c	MAJOR		yukyuel@gmail.com	false	CONSISTENT	NOT_LINKED		"{softwareQuality=MAINTAINABILITY, severity=MEDIUM} / "	Desreferencia de una referencia posiblemente NULL.	2026-05-28T18:04:11+0000	false			Clinica-Santa-Monica:Clinica.WASM/Pages/Pagos/PagosPage.razor.cs	false	{startLine=154.0, endLine=154.0, startOffset=17.0, endOffset=23.0}	0min	ce7b2372622616382eaa180d5b7d3059	OPEN
2026-05-30T23:47:29+0000	24.0	csharpsquid:S1192	Clinica-Santa-Monica	4min	CODE_SMELL	DISTINCT		OPEN	"{locations=[{component=Clinica-Santa-Monica:Clinica.WASM/Program.cs, textRange={startLine=29.0, endLine=29.0, startOffset=33.0, endOffset=58.0}, msgFormattings=[]}]} / {locations=[{component=Clinica-Santa-Monica:Clinica.WASM/Program.cs, textRange={startLine=34.0, endLine=34.0, startOffset=33.0, endOffset=58.0}, msgFormattings=[]}]} / {locations=[{component=Clinica-Santa-Monica:Clinica.WASM/Program.cs, textRange={startLine=40.0, endLine=40.0, startOffset=33.0, endOffset=58.0}, msgFormattings=[]}]} / {locations=[{component=Clinica-Santa-Monica:Clinica.WASM/Program.cs, textRange={startLine=45.0, endLine=45.0, startOffset=33.0, endOffset=58.0}, msgFormattings=[]}]} / {locations=[{component=Clinica-Santa-Monica:Clinica.WASM/Program.cs, textRange={startLine=50.0, endLine=50.0, startOffset=33.0, endOffset=58.0}, msgFormattings=[]}]} / {locations=[{component=Clinica-Santa-Monica:Clinica.WASM/Program.cs, textRange={startLine=55.0, endLine=55.0, startOffset=33.0, endOffset=58.0}, msgFormattings=[]}]} / {locations=[{component=Clinica-Santa-Monica:Clinica.WASM/Program.cs, textRange={startLine=60.0, endLine=60.0, startOffset=33.0, endOffset=58.0}, msgFormattings=[]}]} / {locations=[{component=Clinica-Santa-Monica:Clinica.WASM/Program.cs, textRange={startLine=65.0, endLine=65.0, startOffset=33.0, endOffset=58.0}, msgFormattings=[]}]} / {locations=[{component=Clinica-Santa-Monica:Clinica.WASM/Program.cs, textRange={startLine=70.0, endLine=70.0, startOffset=33.0, endOffset=58.0}, msgFormattings=[]}]} / {locations=[{component=Clinica-Santa-Monica:Clinica.WASM/Program.cs, textRange={startLine=75.0, endLine=75.0, startOffset=33.0, endOffset=58.0}, msgFormattings=[]}]} / {locations=[{component=Clinica-Santa-Monica:Clinica.WASM/Program.cs, textRange={startLine=80.0, endLine=80.0, startOffset=33.0, endOffset=58.0}, msgFormattings=[]}]} / {locations=[{component=Clinica-Santa-Monica:Clinica.WASM/Program.cs, textRange={startLine=86.0, endLine=86.0, startOffset=37.0, endOffset=62.0}, msgFormattings=[]}]} / "	MAIN	-	776c4ed0-1738-4e14-9121-8c8c23b6b299	MINOR		yukyuel@gmail.com	false	ADAPTABLE	NOT_LINKED		"{softwareQuality=MAINTAINABILITY, severity=LOW} / "	Define a constant instead of using this literal 'https://localhost:7241/' 13 times.	2026-05-28T18:04:11+0000	false	"design / "		Clinica-Santa-Monica:Clinica.WASM/Program.cs	false	{startLine=24.0, endLine=24.0, startOffset=33.0, endOffset=58.0}	4min	d23ebc38d2c8b430f223a0d9a298fa90	OPEN
2026-05-30T23:47:29+0000	80.0	csharpsquid:S1075	Clinica-Santa-Monica	20min	CODE_SMELL	CONVENTIONAL		OPEN		MAIN	-	41622246-fdbf-4088-9ecd-7d079c594808	MINOR		yukyuel@gmail.com	false	CONSISTENT	NOT_LINKED		"{softwareQuality=MAINTAINABILITY, severity=LOW} / "	Refactor your code not to use hardcoded absolute paths or URIs.	2026-05-28T18:04:11+0000	false			Clinica-Santa-Monica:Clinica.WASM/Program.cs	false	{startLine=80.0, endLine=80.0, startOffset=33.0, endOffset=58.0}	20min	d23ebc38d2c8b430f223a0d9a298fa90	OPEN
2026-05-30T23:47:29+0000	145.0	external_roslyn:CS1998	Clinica-Santa-Monica	0min	CODE_SMELL	CONVENTIONAL		OPEN		MAIN	roslyn	d7dac993-ce4e-4409-8507-1591cab1e109	MAJOR		yukyuel@gmail.com	false	CONSISTENT	NOT_LINKED		"{softwareQuality=MAINTAINABILITY, severity=MEDIUM} / "	"El método asincrónico carece de operadores ""await"" y se ejecutará de forma sincrónica. Puede usar el operador 'await' para esperar llamadas API que no sean de bloqueo o 'await Task.Run(...)' para hacer tareas enlazadas a la CPU en un subproceso en segundo plano."	2026-05-28T17:14:34+0000	false			Clinica-Santa-Monica:Clinica.WASM/Components/Pagos/RegistrarPagoDialog.razor	false	{startLine=145.0, endLine=145.0, startOffset=23.0, endOffset=37.0}	0min	66f1a74021217c3c2b5017b4a0b14c4c	OPEN
2026-05-30T23:47:29+0000	124.0	external_roslyn:CS8602	Clinica-Santa-Monica	0min	CODE_SMELL	CONVENTIONAL		OPEN		MAIN	roslyn	37d95d33-dbf1-4c1d-8c97-26a28665c6d9	MAJOR		yukyuel@gmail.com	false	CONSISTENT	NOT_LINKED		"{softwareQuality=MAINTAINABILITY, severity=MEDIUM} / "	Desreferencia de una referencia posiblemente NULL.	2026-05-28T17:14:34+0000	false			Clinica-Santa-Monica:Clinica.WASM/Pages/Pagos/PagosPage.razor.cs	false	{startLine=124.0, endLine=124.0, startOffset=13.0, endOffset=19.0}	0min	9b5638a8b4aaf8b1b6dad87e15c73bc1	OPEN
2026-05-30T23:47:29+0000	75.0	csharpsquid:S1075	Clinica-Santa-Monica	20min	CODE_SMELL	CONVENTIONAL		OPEN		MAIN	-	1e403478-542f-484c-85c5-e92d3cf3bce1	MINOR		yukyuel@gmail.com	false	CONSISTENT	NOT_LINKED		"{softwareQuality=MAINTAINABILITY, severity=LOW} / "	Refactor your code not to use hardcoded absolute paths or URIs.	2026-05-28T17:14:34+0000	false			Clinica-Santa-Monica:Clinica.WASM/Program.cs	false	{startLine=75.0, endLine=75.0, startOffset=33.0, endOffset=58.0}	20min	d23ebc38d2c8b430f223a0d9a298fa90	OPEN
2026-05-30T23:47:29+0000	85.0	csharpsquid:S2486	Clinica-Santa-Monica	1h	CODE_SMELL	CLEAR		OPEN		MAIN	-	26dbe266-700d-4a30-a424-c38efdb9426a	MINOR		yukyuel@gmail.com	false	INTENTIONAL	NOT_LINKED		"{softwareQuality=MAINTAINABILITY, severity=LOW} / "	Handle the exception or explain in a comment why it can be ignored.	2026-05-28T16:44:24+0000	false	"cwe / error-handling / suspicious / "		Clinica-Santa-Monica:Clinica.WASM/Services/Api/AuthStateService.cs	false	{startLine=85.0, endLine=85.0, startOffset=8.0, endOffset=17.0}	1h	66f7e29d950751a7076c612a51838ebc	OPEN
2026-05-30T23:47:29+0000	85.0	csharpsquid:S108	Clinica-Santa-Monica	5min	CODE_SMELL	CLEAR		OPEN		MAIN	-	ab118d5e-83ff-4437-8d0c-587547e5a3a4	MAJOR		yukyuel@gmail.com	false	INTENTIONAL	NOT_LINKED		"{softwareQuality=MAINTAINABILITY, severity=MEDIUM} / "	Either remove or fill this block of code.	2026-05-28T16:44:24+0000	false	"suspicious / "		Clinica-Santa-Monica:Clinica.WASM/Services/Api/AuthStateService.cs	false	{startLine=85.0, endLine=85.0, startOffset=14.0, endOffset=17.0}	5min	66f7e29d950751a7076c612a51838ebc	OPEN
2026-05-30T23:47:29+0000	13.0	csharpsquid:S4487	Clinica-Santa-Monica	5min	CODE_SMELL	CLEAR		OPEN		MAIN	-	63df5b53-bbc1-404c-be9c-60602b65c0b8	CRITICAL		yukyuel@gmail.com	false	INTENTIONAL	NOT_LINKED		"{softwareQuality=MAINTAINABILITY, severity=HIGH} / "	Remove this unread private field 'EstaCargando' or refactor the code to use its value.	2026-05-28T04:30:53+0000	false	"cwe / unused / "		Clinica-Santa-Monica:Clinica.WASM/Pages/Permisos/PermisosPage.razor.cs	false	{startLine=13.0, endLine=13.0, startOffset=17.0, endOffset=36.0}	5min	851461985f341a3cee4635a0456f3913	OPEN
2026-05-30T23:47:29+0000	13.0	external_roslyn:CS0414	Clinica-Santa-Monica	0min	CODE_SMELL	CONVENTIONAL		OPEN		MAIN	roslyn	da2edbb6-703f-4472-b64e-c40e7659974b	MAJOR		yukyuel@gmail.com	false	CONSISTENT	NOT_LINKED		"{softwareQuality=MAINTAINABILITY, severity=MEDIUM} / "	El campo 'PermisosPage.EstaCargando' está asignado pero su valor nunca se usa	2026-05-28T04:30:53+0000	false			Clinica-Santa-Monica:Clinica.WASM/Pages/Permisos/PermisosPage.razor.cs	false	{startLine=13.0, endLine=13.0, startOffset=17.0, endOffset=29.0}	0min	851461985f341a3cee4635a0456f3913	OPEN
2026-05-30T23:47:29+0000	40.0	external_roslyn:CS0105	Clinica-Santa-Monica	0min	CODE_SMELL	CONVENTIONAL		OPEN		MAIN	roslyn	79b315d4-14ec-40f8-ac5a-8c7d36db9f96	MAJOR		yukyuel@gmail.com	false	CONSISTENT	NOT_LINKED		"{softwareQuality=MAINTAINABILITY, severity=MEDIUM} / "	La directiva using para 'Clinica.WASM.DTOs.Permisos' aparece previamente en este espacio de nombres	2026-05-28T04:30:53+0000	false			Clinica-Santa-Monica:Clinica.WASM/_Imports.razor	false	{startLine=40.0, endLine=40.0, startOffset=7.0, endOffset=33.0}	0min	d29dd9b631ef0f030f70dc22b667c6cb	OPEN
2026-05-30T23:47:29+0000	79.0	external_roslyn:CS1998	Clinica-Santa-Monica	0min	CODE_SMELL	CONVENTIONAL		OPEN		MAIN	roslyn	b80a47ef-b9c4-400d-9ccd-eb7d19a04ebf	MAJOR		yukyuel@gmail.com	false	CONSISTENT	NOT_LINKED		"{softwareQuality=MAINTAINABILITY, severity=MEDIUM} / "	"El método asincrónico carece de operadores ""await"" y se ejecutará de forma sincrónica. Puede usar el operador 'await' para esperar llamadas API que no sean de bloqueo o 'await Task.Run(...)' para hacer tareas enlazadas a la CPU en un subproceso en segundo plano."	2026-05-28T03:52:44+0000	false			Clinica-Santa-Monica:Clinica.WASM/Components/Roles/AsignarPermisosDialog.razor	false	{startLine=79.0, endLine=79.0, startOffset=23.0, endOffset=35.0}	0min	186bb9f93b45eebb566455a86eab0876	OPEN
2026-05-30T23:47:29+0000	183.0	external_roslyn:CS8602	Clinica-Santa-Monica	0min	CODE_SMELL	CONVENTIONAL		OPEN		MAIN	roslyn	36f448e6-ac58-4d47-8ecd-6b49c5a64738	MAJOR		yukyuel@gmail.com	false	CONSISTENT	NOT_LINKED		"{softwareQuality=MAINTAINABILITY, severity=MEDIUM} / "	Desreferencia de una referencia posiblemente NULL.	2026-05-28T03:52:44+0000	false			Clinica-Santa-Monica:Clinica.WASM/Pages/Roles/RolesPage.razor.cs	false	{startLine=183.0, endLine=183.0, startOffset=13.0, endOffset=19.0}	0min	e414e10a8612cef5ddeac17f1c6e2cc3	OPEN
2026-05-30T23:47:29+0000	70.0	csharpsquid:S1075	Clinica-Santa-Monica	20min	CODE_SMELL	CONVENTIONAL		OPEN		MAIN	-	b895df53-bdda-40c5-90c4-63fa268b2417	MINOR		yukyuel@gmail.com	false	CONSISTENT	NOT_LINKED		"{softwareQuality=MAINTAINABILITY, severity=LOW} / "	Refactor your code not to use hardcoded absolute paths or URIs.	2026-05-28T03:52:44+0000	false			Clinica-Santa-Monica:Clinica.WASM/Program.cs	false	{startLine=70.0, endLine=70.0, startOffset=33.0, endOffset=58.0}	20min	d23ebc38d2c8b430f223a0d9a298fa90	OPEN
2026-05-30T23:47:29+0000	62.0	external_roslyn:CS1998	Clinica-Santa-Monica	0min	CODE_SMELL	CONVENTIONAL		OPEN		MAIN	roslyn	39c17079-8816-4450-962b-f5ab7c76fe40	MAJOR		yukyuel@gmail.com	false	CONSISTENT	NOT_LINKED		"{softwareQuality=MAINTAINABILITY, severity=MEDIUM} / "	"El método asincrónico carece de operadores ""await"" y se ejecutará de forma sincrónica. Puede usar el operador 'await' para esperar llamadas API que no sean de bloqueo o 'await Task.Run(...)' para hacer tareas enlazadas a la CPU en un subproceso en segundo plano."	2026-05-28T03:30:03+0000	false			Clinica-Santa-Monica:Clinica.WASM/Components/Usuarios/AsignarRolDialog.razor	false	{startLine=62.0, endLine=62.0, startOffset=23.0, endOffset=35.0}	0min	186bb9f93b45eebb566455a86eab0876	OPEN
2026-05-30T23:47:29+0000	206.0	external_roslyn:CS8602	Clinica-Santa-Monica	0min	CODE_SMELL	CONVENTIONAL		OPEN		MAIN	roslyn	4d562eef-941b-4737-8cb6-8f92f8dda8ec	MAJOR		yukyuel@gmail.com	false	CONSISTENT	NOT_LINKED		"{softwareQuality=MAINTAINABILITY, severity=MEDIUM} / "	Desreferencia de una referencia posiblemente NULL.	2026-05-28T03:30:03+0000	false			Clinica-Santa-Monica:Clinica.WASM/Pages/Usuarios/UsuariosPage.razor.cs	false	{startLine=206.0, endLine=206.0, startOffset=13.0, endOffset=19.0}	0min	84dd938b5e44ce67dd2b76430c1baf7a	OPEN
2026-05-30T23:47:29+0000	60.0	csharpsquid:S1075	Clinica-Santa-Monica	20min	CODE_SMELL	CONVENTIONAL		OPEN		MAIN	-	7b797591-909c-4df9-bc26-8d00e02f7317	MINOR		yukyuel@gmail.com	false	CONSISTENT	NOT_LINKED		"{softwareQuality=MAINTAINABILITY, severity=LOW} / "	Refactor your code not to use hardcoded absolute paths or URIs.	2026-05-28T03:30:03+0000	false			Clinica-Santa-Monica:Clinica.WASM/Program.cs	false	{startLine=60.0, endLine=60.0, startOffset=33.0, endOffset=58.0}	20min	d23ebc38d2c8b430f223a0d9a298fa90	OPEN
2026-05-30T23:47:29+0000	65.0	csharpsquid:S1075	Clinica-Santa-Monica	20min	CODE_SMELL	CONVENTIONAL		OPEN		MAIN	-	71212d65-5eed-45a6-a720-9197306ea0ed	MINOR		yukyuel@gmail.com	false	CONSISTENT	NOT_LINKED		"{softwareQuality=MAINTAINABILITY, severity=LOW} / "	Refactor your code not to use hardcoded absolute paths or URIs.	2026-05-28T03:30:03+0000	false			Clinica-Santa-Monica:Clinica.WASM/Program.cs	false	{startLine=65.0, endLine=65.0, startOffset=33.0, endOffset=58.0}	20min	d23ebc38d2c8b430f223a0d9a298fa90	OPEN
2026-05-30T23:47:29+0000	55.0	csharpsquid:S1075	Clinica-Santa-Monica	20min	CODE_SMELL	CONVENTIONAL		OPEN		MAIN	-	84239344-98ad-4fbc-8f79-0cde688dee4d	MINOR		yukyuel@gmail.com	false	CONSISTENT	NOT_LINKED		"{softwareQuality=MAINTAINABILITY, severity=LOW} / "	Refactor your code not to use hardcoded absolute paths or URIs.	2026-05-28T02:47:24+0000	false			Clinica-Santa-Monica:Clinica.WASM/Program.cs	false	{startLine=55.0, endLine=55.0, startOffset=33.0, endOffset=58.0}	20min	d23ebc38d2c8b430f223a0d9a298fa90	OPEN
2026-05-30T23:47:29+0000	50.0	csharpsquid:S1075	Clinica-Santa-Monica	20min	CODE_SMELL	CONVENTIONAL		OPEN		MAIN	-	53ebf562-3452-4dbc-9b73-47612000d05c	MINOR		yukyuel@gmail.com	false	CONSISTENT	NOT_LINKED		"{softwareQuality=MAINTAINABILITY, severity=LOW} / "	Refactor your code not to use hardcoded absolute paths or URIs.	2026-05-28T00:26:47+0000	false			Clinica-Santa-Monica:Clinica.WASM/Program.cs	false	{startLine=50.0, endLine=50.0, startOffset=33.0, endOffset=58.0}	20min	d23ebc38d2c8b430f223a0d9a298fa90	OPEN
2026-05-30T23:47:29+0000	45.0	csharpsquid:S1075	Clinica-Santa-Monica	20min	CODE_SMELL	CONVENTIONAL		OPEN		MAIN	-	bd4143d1-a03f-41d2-a911-33e3aece48ca	MINOR		yukyuel@gmail.com	false	CONSISTENT	NOT_LINKED		"{softwareQuality=MAINTAINABILITY, severity=LOW} / "	Refactor your code not to use hardcoded absolute paths or URIs.	2026-05-27T23:46:16+0000	false			Clinica-Santa-Monica:Clinica.WASM/Program.cs	false	{startLine=45.0, endLine=45.0, startOffset=33.0, endOffset=58.0}	20min	d23ebc38d2c8b430f223a0d9a298fa90	OPEN
2026-05-30T23:47:29+0000	49.0	external_roslyn:CS1998	Clinica-Santa-Monica	0min	CODE_SMELL	CONVENTIONAL		OPEN		MAIN	roslyn	e66578db-7848-4bc9-a303-bf94997456e7	MAJOR		yukyuel@gmail.com	false	CONSISTENT	NOT_LINKED		"{softwareQuality=MAINTAINABILITY, severity=MEDIUM} / "	"El método asincrónico carece de operadores ""await"" y se ejecutará de forma sincrónica. Puede usar el operador 'await' para esperar llamadas API que no sean de bloqueo o 'await Task.Run(...)' para hacer tareas enlazadas a la CPU en un subproceso en segundo plano."	2026-05-27T20:36:17+0000	false			Clinica-Santa-Monica:Clinica.WASM/Components/Citas/CitaCancelarDialog.razor	false	{startLine=49.0, endLine=49.0, startOffset=23.0, endOffset=36.0}	0min	b8776e74375f065cd2623c9ede2dff8a	OPEN
2026-05-30T23:47:29+0000	76.0	external_roslyn:CS1998	Clinica-Santa-Monica	0min	CODE_SMELL	CONVENTIONAL		OPEN		MAIN	roslyn	973fd87b-075f-4756-bfb5-6ed2bede3652	MAJOR		yukyuel@gmail.com	false	CONSISTENT	NOT_LINKED		"{softwareQuality=MAINTAINABILITY, severity=MEDIUM} / "	"El método asincrónico carece de operadores ""await"" y se ejecutará de forma sincrónica. Puede usar el operador 'await' para esperar llamadas API que no sean de bloqueo o 'await Task.Run(...)' para hacer tareas enlazadas a la CPU en un subproceso en segundo plano."	2026-05-27T20:36:17+0000	false			Clinica-Santa-Monica:Clinica.WASM/Components/Citas/CitaReprogramarDialog.razor	false	{startLine=76.0, endLine=76.0, startOffset=23.0, endOffset=39.0}	0min	744288dd49f66457c020355e77c34e3f	OPEN
2026-05-30T23:47:29+0000	146.0	external_roslyn:CS8602	Clinica-Santa-Monica	0min	CODE_SMELL	CONVENTIONAL		OPEN		MAIN	roslyn	9ba014c7-c799-4953-b4ee-9b28b97ea8ab	MAJOR		yukyuel@gmail.com	false	CONSISTENT	NOT_LINKED		"{softwareQuality=MAINTAINABILITY, severity=MEDIUM} / "	Desreferencia de una referencia posiblemente NULL.	2026-05-27T20:36:17+0000	false			Clinica-Santa-Monica:Clinica.WASM/Pages/Citas/CitasPage.razor.cs	false	{startLine=146.0, endLine=146.0, startOffset=13.0, endOffset=19.0}	0min	a324d4b093e6a8b543a510009ddcb0fc	OPEN
2026-05-30T23:47:29+0000	167.0	external_roslyn:CS8602	Clinica-Santa-Monica	0min	CODE_SMELL	CONVENTIONAL		OPEN		MAIN	roslyn	57093b7d-38ae-440e-9b10-d5654d17e88b	MAJOR		yukyuel@gmail.com	false	CONSISTENT	NOT_LINKED		"{softwareQuality=MAINTAINABILITY, severity=MEDIUM} / "	Desreferencia de una referencia posiblemente NULL.	2026-05-27T20:36:17+0000	false			Clinica-Santa-Monica:Clinica.WASM/Pages/Citas/CitasPage.razor.cs	false	{startLine=167.0, endLine=167.0, startOffset=13.0, endOffset=19.0}	0min	d7a57e4daeb8745ceb9780db63e30d3a	OPEN
2026-05-30T23:47:29+0000	24.0	csharpsquid:S1075	Clinica-Santa-Monica	20min	CODE_SMELL	CONVENTIONAL		OPEN		MAIN	-	872d8a8a-9bd1-4426-a200-79d05a06c5c5	MINOR		yukyuel@gmail.com	false	CONSISTENT	NOT_LINKED		"{softwareQuality=MAINTAINABILITY, severity=LOW} / "	Refactor your code not to use hardcoded absolute paths or URIs.	2026-05-27T20:36:17+0000	false			Clinica-Santa-Monica:Clinica.WASM/Program.cs	false	{startLine=24.0, endLine=24.0, startOffset=33.0, endOffset=58.0}	20min	d23ebc38d2c8b430f223a0d9a298fa90	OPEN
2026-05-30T23:47:29+0000	29.0	csharpsquid:S1075	Clinica-Santa-Monica	20min	CODE_SMELL	CONVENTIONAL		OPEN		MAIN	-	c5d19196-8370-4dc3-b569-e8083f3e1efb	MINOR		yukyuel@gmail.com	false	CONSISTENT	NOT_LINKED		"{softwareQuality=MAINTAINABILITY, severity=LOW} / "	Refactor your code not to use hardcoded absolute paths or URIs.	2026-05-27T20:36:17+0000	false			Clinica-Santa-Monica:Clinica.WASM/Program.cs	false	{startLine=29.0, endLine=29.0, startOffset=33.0, endOffset=58.0}	20min	d23ebc38d2c8b430f223a0d9a298fa90	OPEN
2026-05-30T23:47:29+0000	34.0	csharpsquid:S1075	Clinica-Santa-Monica	20min	CODE_SMELL	CONVENTIONAL		OPEN		MAIN	-	cd2c16f7-915b-43db-b8bd-c4e11ce035cc	MINOR		yukyuel@gmail.com	false	CONSISTENT	NOT_LINKED		"{softwareQuality=MAINTAINABILITY, severity=LOW} / "	Refactor your code not to use hardcoded absolute paths or URIs.	2026-05-27T20:36:17+0000	false			Clinica-Santa-Monica:Clinica.WASM/Program.cs	false	{startLine=34.0, endLine=34.0, startOffset=33.0, endOffset=58.0}	20min	d23ebc38d2c8b430f223a0d9a298fa90	OPEN
2026-05-30T23:47:29+0000	40.0	csharpsquid:S1075	Clinica-Santa-Monica	20min	CODE_SMELL	CONVENTIONAL		OPEN		MAIN	-	b7a1d9dd-5be6-4984-9fab-ccd86f0e2586	MINOR		yukyuel@gmail.com	false	CONSISTENT	NOT_LINKED		"{softwareQuality=MAINTAINABILITY, severity=LOW} / "	Refactor your code not to use hardcoded absolute paths or URIs.	2026-05-27T20:36:17+0000	false			Clinica-Santa-Monica:Clinica.WASM/Program.cs	false	{startLine=40.0, endLine=40.0, startOffset=33.0, endOffset=58.0}	20min	d23ebc38d2c8b430f223a0d9a298fa90	OPEN
2026-05-30T23:47:29+0000	6.0	javascript:S7764	Clinica-Santa-Monica	2min	CODE_SMELL	CONVENTIONAL		OPEN		MAIN	-	b969215e-fad5-401e-b103-0f0958707e78	MINOR		yukyuel@gmail.com	false	CONSISTENT	NOT_LINKED		"{softwareQuality=MAINTAINABILITY, severity=LOW} / "	Prefer `globalThis` over `self`.	2026-05-18T00:45:48+0000	true	"portability / es2020 / "		Clinica-Santa-Monica:Clinica.WASM/wwwroot/service-worker.js	false	{startLine=6.0, endLine=6.0, startOffset=43.0, endOffset=47.0}	2min	dfde1c7cccdeadf59e0febda035127ef	OPEN
2026-05-30T23:47:29+0000	14.0	javascript:S7764	Clinica-Santa-Monica	2min	CODE_SMELL	CONVENTIONAL		OPEN		MAIN	-	af058734-8d9a-4009-b1ab-8bbe731c44bf	MINOR		yukyuel@gmail.com	false	CONSISTENT	NOT_LINKED		"{softwareQuality=MAINTAINABILITY, severity=LOW} / "	Prefer `globalThis` over `self`.	2026-05-18T00:45:48+0000	true	"portability / es2020 / "		Clinica-Santa-Monica:Clinica.WASM/wwwroot/service-worker.js	false	{startLine=14.0, endLine=14.0, startOffset=21.0, endOffset=25.0}	2min	dfc1e28dced03a6680f6a52ee5e9b66f	OPEN
2026-05-30T23:47:29+0000	3.0	javascript:S7764	Clinica-Santa-Monica	2min	CODE_SMELL	CONVENTIONAL		OPEN		MAIN	-	df039658-4d52-4cc4-8f48-63f72b017a52	MINOR		yukyuel@gmail.com	false	CONSISTENT	NOT_LINKED		"{softwareQuality=MAINTAINABILITY, severity=LOW} / "	Prefer `globalThis` over `self`.	2026-05-18T00:45:48+0000	true	"portability / es2020 / "		Clinica-Santa-Monica:Clinica.WASM/wwwroot/service-worker.published.js	false	{startLine=3.0, endLine=3.0, startOffset=42.0, endOffset=46.0}	2min	5ce4aa35c2db9d0f37c8febc12cef052	OPEN
2026-05-30T23:47:29+0000	7.0	javascript:S7764	Clinica-Santa-Monica	2min	CODE_SMELL	CONVENTIONAL		OPEN		MAIN	-	55ec301b-cfcd-4b1b-bc3e-0c603f353902	MINOR		yukyuel@gmail.com	false	CONSISTENT	NOT_LINKED		"{softwareQuality=MAINTAINABILITY, severity=LOW} / "	Prefer `globalThis` over `self`.	2026-05-18T00:45:48+0000	true	"portability / es2020 / "		Clinica-Santa-Monica:Clinica.WASM/wwwroot/service-worker.published.js	false	{startLine=7.0, endLine=7.0, startOffset=24.0, endOffset=28.0}	2min	899d87f7900e1e6869efd9d000e86ad0	OPEN
2026-05-30T23:47:29+0000	39.0	csharpsquid:S1192	Clinica-Santa-Monica	4min	CODE_SMELL	DISTINCT		OPEN	"{locations=[{component=Clinica-Santa-Monica:Clinica.API/Filters/AuditoriaAutomaticaFilter.cs, textRange={startLine=67.0, endLine=67.0, startOffset=41.0, endOffset=48.0}, msgFormattings=[]}]} / {locations=[{component=Clinica-Santa-Monica:Clinica.API/Filters/AuditoriaAutomaticaFilter.cs, textRange={startLine=118.0, endLine=118.0, startOffset=12.0, endOffset=19.0}, msgFormattings=[]}]} / {locations=[{component=Clinica-Santa-Monica:Clinica.API/Filters/AuditoriaAutomaticaFilter.cs, textRange={startLine=130.0, endLine=130.0, startOffset=12.0, endOffset=19.0}, msgFormattings=[]}]} / "	MAIN	-	4b082541-7de4-4411-80c0-91ba4b6f8b63	MINOR		yukyuel@gmail.com	false	ADAPTABLE	NOT_LINKED		"{softwareQuality=MAINTAINABILITY, severity=LOW} / "	Define a constant instead of using this literal 'PATCH' 4 times.	2026-05-15T01:12:06+0000	false	"design / "		Clinica-Santa-Monica:Clinica.API/Filters/AuditoriaAutomaticaFilter.cs	false	{startLine=39.0, endLine=39.0, startOffset=32.0, endOffset=39.0}	4min	2e868b2f1955043da5562fa2bc25870d	OPEN
2026-05-30T23:47:29+0000	69.0	csharpsquid:S1066	Clinica-Santa-Monica	5min	CODE_SMELL	CLEAR		OPEN	"{locations=[{component=Clinica-Santa-Monica:Clinica.API/Filters/AuditoriaAutomaticaFilter.cs, textRange={startLine=67.0, endLine=67.0, startOffset=8.0, endOffset=10.0}, msg=Merge this if statement with its nested one., msgFormattings=[]}]} / "	MAIN	-	9e698ac1-f2e9-4346-88de-9ff693ef7091	MAJOR		yukyuel@gmail.com	false	INTENTIONAL	NOT_LINKED		"{softwareQuality=MAINTAINABILITY, severity=MEDIUM} / "	Merge this if statement with the enclosing one.	2026-05-15T01:12:06+0000	false	"clumsy / "		Clinica-Santa-Monica:Clinica.API/Filters/AuditoriaAutomaticaFilter.cs	false	{startLine=69.0, endLine=69.0, startOffset=12.0, endOffset=14.0}	5min	fd459d3529d21ae4230d986c8c1e0067	OPEN
2026-05-30T23:47:29+0000	243.0	external_roslyn:CA1869	Clinica-Santa-Monica	0min	CODE_SMELL	CONVENTIONAL		OPEN		MAIN	roslyn	509cc334-c396-4820-912f-23461bf461ac	INFO		yukyuel@gmail.com	false	CONSISTENT	NOT_LINKED		"{softwareQuality=MAINTAINABILITY, severity=INFO} / "	"Evite crear una nueva instancia de ""JsonSerializerOptions"" para cada operación de serialización. En su lugar, almacene en caché y reutilice instancias."	2026-05-15T01:12:06+0000	false			Clinica-Santa-Monica:Clinica.API/Filters/AuditoriaAutomaticaFilter.cs	false	{startLine=243.0, endLine=247.0, startOffset=50.0, endOffset=9.0}	0min	23f48580aa0835d88977b05bad190e57	OPEN
2026-05-30T23:47:29+0000	79.0	external_roslyn:CA1869	Clinica-Santa-Monica	0min	CODE_SMELL	CONVENTIONAL		OPEN		MAIN	roslyn	43071dc7-2a10-49f0-9ad9-549153d54543	INFO		yukyuel@gmail.com	false	CONSISTENT	NOT_LINKED		"{softwareQuality=MAINTAINABILITY, severity=INFO} / "	"Evite crear una nueva instancia de ""JsonSerializerOptions"" para cada operación de serialización. En su lugar, almacene en caché y reutilice instancias."	2026-05-15T01:12:06+0000	false			Clinica-Santa-Monica:Clinica.API/Middlewares/ExceptionMiddleware.cs	false	{startLine=79.0, endLine=82.0, startOffset=55.0, endOffset=9.0}	0min	8501491a6b0781f7be7a7deb167acbfa	OPEN
2026-05-30T23:47:29+0000	229.0	csharpsquid:S1118	Clinica-Santa-Monica	10min	CODE_SMELL	CLEAR		OPEN		MAIN	-	f5e4a547-50a6-4337-8736-1c7ef05b9a5a	MAJOR		yukyuel@gmail.com	false	INTENTIONAL	NOT_LINKED		"{softwareQuality=MAINTAINABILITY, severity=MEDIUM} / "	Add a 'protected' constructor or the 'static' keyword to the class declaration.	2026-05-15T01:12:06+0000	false	"design / "		Clinica-Santa-Monica:Clinica.API/Program.cs	false	{startLine=229.0, endLine=229.0, startOffset=21.0, endOffset=28.0}	10min	c65d7262225e479c211afd60b3418b45	OPEN
2026-05-30T23:47:29+0000	19.0	csharpsquid:S107	Clinica-Santa-Monica	20min	CODE_SMELL	FOCUSED		OPEN		MAIN	-	4bc0f4c2-335e-4f7a-b062-03bb25a09672	MAJOR		yukyuel@gmail.com	false	ADAPTABLE	NOT_LINKED		"{softwareQuality=MAINTAINABILITY, severity=MEDIUM} / "	Constructor has 8 parameters, which is greater than the 7 authorized.	2026-05-15T01:12:06+0000	false	"brain-overload / "		Clinica-Santa-Monica:Clinica.API/Services/Imp/AtencionService.cs	false	{startLine=19.0, endLine=27.0, startOffset=26.0, endOffset=51.0}	20min	53836bb456ea0188ce3c9b18eaba8c0f	OPEN
2026-05-30T23:47:29+0000	60.0	csharpsquid:S1481	Clinica-Santa-Monica	5min	CODE_SMELL	CLEAR		OPEN		MAIN	-	2cde5304-9870-4861-b5ed-611270cfa772	MINOR		yukyuel@gmail.com	false	INTENTIONAL	NOT_LINKED		"{softwareQuality=MAINTAINABILITY, severity=LOW} / "	Remove the unused local variable 'doctor'.	2026-05-15T01:12:06+0000	false	"unused / "		Clinica-Santa-Monica:Clinica.API/Services/Imp/AtencionService.cs	false	{startLine=60.0, endLine=60.0, startOffset=12.0, endOffset=18.0}	5min	81b488225831883ac1cbd825cba33282	OPEN
2026-05-30T23:47:29+0000	77.0	csharpsquid:S1481	Clinica-Santa-Monica	5min	CODE_SMELL	CLEAR		OPEN		MAIN	-	a76a1ffe-b8f1-4b28-9b86-40a2a16b5d9e	MINOR		yukyuel@gmail.com	false	INTENTIONAL	NOT_LINKED		"{softwareQuality=MAINTAINABILITY, severity=LOW} / "	Remove the unused local variable 'doctor'.	2026-05-15T01:12:06+0000	false	"unused / "		Clinica-Santa-Monica:Clinica.API/Services/Imp/CitaService.cs	false	{startLine=77.0, endLine=77.0, startOffset=12.0, endOffset=18.0}	5min	81b488225831883ac1cbd825cba33282	OPEN
2026-05-30T23:47:29+0000	60.0	csharpsquid:S1192	Clinica-Santa-Monica	4min	CODE_SMELL	DISTINCT		OPEN	"{locations=[{component=Clinica-Santa-Monica:Clinica.API/Services/Imp/ComprobanteService.cs, textRange={startLine=81.0, endLine=81.0, startOffset=66.0, endOffset=84.0}, msgFormattings=[]}]} / {locations=[{component=Clinica-Santa-Monica:Clinica.API/Services/Imp/ComprobanteService.cs, textRange={startLine=163.0, endLine=163.0, startOffset=59.0, endOffset=77.0}, msgFormattings=[]}]} / {locations=[{component=Clinica-Santa-Monica:Clinica.API/Services/Imp/ComprobanteService.cs, textRange={startLine=183.0, endLine=183.0, startOffset=58.0, endOffset=76.0}, msgFormattings=[]}]} / {locations=[{component=Clinica-Santa-Monica:Clinica.API/Services/Imp/ComprobanteService.cs, textRange={startLine=450.0, endLine=450.0, startOffset=77.0, endOffset=95.0}, msgFormattings=[]}]} / {locations=[{component=Clinica-Santa-Monica:Clinica.API/Services/Imp/ComprobanteService.cs, textRange={startLine=564.0, endLine=564.0, startOffset=56.0, endOffset=74.0}, msgFormattings=[]}]} / {locations=[{component=Clinica-Santa-Monica:Clinica.API/Services/Imp/ComprobanteService.cs, textRange={startLine=600.0, endLine=600.0, startOffset=60.0, endOffset=78.0}, msgFormattings=[]}]} / "	MAIN	-	781b5af9-26b1-4a7c-8be3-46216cfd050c	MINOR		yukyuel@gmail.com	false	ADAPTABLE	NOT_LINKED		"{softwareQuality=MAINTAINABILITY, severity=LOW} / "	Define a constant instead of using this literal 'Servicio clínico' 7 times.	2026-05-15T01:12:06+0000	false	"design / "		Clinica-Santa-Monica:Clinica.API/Services/Imp/ComprobanteService.cs	false	{startLine=60.0, endLine=60.0, startOffset=55.0, endOffset=73.0}	4min	4d51859b30a64e580a198576761f2a4d	OPEN
2026-05-30T23:47:29+0000	206.0	csharpsquid:S1192	Clinica-Santa-Monica	4min	CODE_SMELL	DISTINCT		OPEN	"{locations=[{component=Clinica-Santa-Monica:Clinica.API/Services/Imp/ComprobanteService.cs, textRange={startLine=231.0, endLine=231.0, startOffset=48.0, endOffset=98.0}, msgFormattings=[]}]} / {locations=[{component=Clinica-Santa-Monica:Clinica.API/Services/Imp/ComprobanteService.cs, textRange={startLine=256.0, endLine=256.0, startOffset=48.0, endOffset=98.0}, msgFormattings=[]}]} / {locations=[{component=Clinica-Santa-Monica:Clinica.API/Services/Imp/ComprobanteService.cs, textRange={startLine=281.0, endLine=281.0, startOffset=48.0, endOffset=98.0}, msgFormattings=[]}]} / {locations=[{component=Clinica-Santa-Monica:Clinica.API/Services/Imp/ComprobanteService.cs, textRange={startLine=310.0, endLine=310.0, startOffset=48.0, endOffset=98.0}, msgFormattings=[]}]} / {locations=[{component=Clinica-Santa-Monica:Clinica.API/Services/Imp/ComprobanteService.cs, textRange={startLine=352.0, endLine=352.0, startOffset=48.0, endOffset=98.0}, msgFormattings=[]}]} / "	MAIN	-	efd84356-d92c-44d6-a3cc-a7598b630506	MINOR		yukyuel@gmail.com	false	ADAPTABLE	NOT_LINKED		"{softwareQuality=MAINTAINABILITY, severity=LOW} / "	Define a constant instead of using this literal 'El identificador del comprobante es obligatorio.' 6 times.	2026-05-15T01:12:06+0000	false	"design / "		Clinica-Santa-Monica:Clinica.API/Services/Imp/ComprobanteService.cs	false	{startLine=206.0, endLine=206.0, startOffset=48.0, endOffset=98.0}	4min	90b643594ad0e3977115286b768f87ab	OPEN
2026-05-30T23:47:29+0000	209.0	csharpsquid:S1192	Clinica-Santa-Monica	4min	CODE_SMELL	DISTINCT		OPEN	"{locations=[{component=Clinica-Santa-Monica:Clinica.API/Services/Imp/ComprobanteService.cs, textRange={startLine=234.0, endLine=234.0, startOffset=46.0, endOffset=74.0}, msgFormattings=[]}]} / {locations=[{component=Clinica-Santa-Monica:Clinica.API/Services/Imp/ComprobanteService.cs, textRange={startLine=259.0, endLine=259.0, startOffset=46.0, endOffset=74.0}, msgFormattings=[]}]} / {locations=[{component=Clinica-Santa-Monica:Clinica.API/Services/Imp/ComprobanteService.cs, textRange={startLine=284.0, endLine=284.0, startOffset=46.0, endOffset=74.0}, msgFormattings=[]}]} / {locations=[{component=Clinica-Santa-Monica:Clinica.API/Services/Imp/ComprobanteService.cs, textRange={startLine=313.0, endLine=313.0, startOffset=46.0, endOffset=74.0}, msgFormattings=[]}]} / {locations=[{component=Clinica-Santa-Monica:Clinica.API/Services/Imp/ComprobanteService.cs, textRange={startLine=358.0, endLine=358.0, startOffset=46.0, endOffset=74.0}, msgFormattings=[]}]} / "	MAIN	-	cadd2247-732e-49f6-b65b-9c5ccf60679e	MINOR		yukyuel@gmail.com	false	ADAPTABLE	NOT_LINKED		"{softwareQuality=MAINTAINABILITY, severity=LOW} / "	Define a constant instead of using this literal 'Comprobante no encontrado.' 6 times.	2026-05-15T01:12:06+0000	false	"design / "		Clinica-Santa-Monica:Clinica.API/Services/Imp/ComprobanteService.cs	false	{startLine=209.0, endLine=209.0, startOffset=46.0, endOffset=74.0}	4min	bcb48090e37d2d43e07f18a5d9bbd315	OPEN
2026-05-30T23:47:29+0000	215.0	csharpsquid:S1192	Clinica-Santa-Monica	4min	CODE_SMELL	DISTINCT		OPEN	"{locations=[{component=Clinica-Santa-Monica:Clinica.API/Services/Imp/ComprobanteService.cs, textRange={startLine=240.0, endLine=240.0, startOffset=48.0, endOffset=100.0}, msgFormattings=[]}]} / {locations=[{component=Clinica-Santa-Monica:Clinica.API/Services/Imp/ComprobanteService.cs, textRange={startLine=265.0, endLine=265.0, startOffset=48.0, endOffset=100.0}, msgFormattings=[]}]} / {locations=[{component=Clinica-Santa-Monica:Clinica.API/Services/Imp/ComprobanteService.cs, textRange={startLine=290.0, endLine=290.0, startOffset=48.0, endOffset=100.0}, msgFormattings=[]}]} / "	MAIN	-	b6412263-32cb-4ea1-b2d1-0cb835d5347f	MINOR		yukyuel@gmail.com	false	ADAPTABLE	NOT_LINKED		"{softwareQuality=MAINTAINABILITY, severity=LOW} / "	Define a constant instead of using this literal 'No se puede generar PDF de un comprobante anulado.' 4 times.	2026-05-15T01:12:06+0000	false	"design / "		Clinica-Santa-Monica:Clinica.API/Services/Imp/ComprobanteService.cs	false	{startLine=215.0, endLine=215.0, startOffset=48.0, endOffset=100.0}	4min	8173abc7a91d2ac88503c7638c3629d1	OPEN
2026-05-30T23:47:29+0000	223.0	csharpsquid:S1192	Clinica-Santa-Monica	4min	CODE_SMELL	DISTINCT		OPEN	"{locations=[{component=Clinica-Santa-Monica:Clinica.API/Services/Imp/ComprobanteService.cs, textRange={startLine=248.0, endLine=248.0, startOffset=26.0, endOffset=43.0}, msgFormattings=[]}]} / {locations=[{component=Clinica-Santa-Monica:Clinica.API/Services/Imp/ComprobanteService.cs, textRange={startLine=273.0, endLine=273.0, startOffset=26.0, endOffset=43.0}, msgFormattings=[]}]} / {locations=[{component=Clinica-Santa-Monica:Clinica.API/Services/Imp/ComprobanteService.cs, textRange={startLine=298.0, endLine=298.0, startOffset=26.0, endOffset=43.0}, msgFormattings=[]}]} / "	MAIN	-	d09782a1-6be9-4163-8eba-3c3661ad15e4	MINOR		yukyuel@gmail.com	false	ADAPTABLE	NOT_LINKED		"{softwareQuality=MAINTAINABILITY, severity=LOW} / "	Define a constant instead of using this literal 'application/pdf' 4 times.	2026-05-15T01:12:06+0000	false	"design / "		Clinica-Santa-Monica:Clinica.API/Services/Imp/ComprobanteService.cs	false	{startLine=223.0, endLine=223.0, startOffset=26.0, endOffset=43.0}	4min	afb5caa6bf6125fc88be5339208626db	OPEN
2026-05-30T23:47:29+0000	265.0	external_roslyn:CA1860	Clinica-Santa-Monica	0min	CODE_SMELL	CONVENTIONAL		OPEN		MAIN	roslyn	6d052f29-f3ea-4fa1-9f02-8f9a3ae602b6	INFO		yukyuel@gmail.com	false	CONSISTENT	NOT_LINKED		"{softwareQuality=MAINTAINABILITY, severity=INFO} / "	"Es preferible comparar ""Count"" con 0 en lugar de usar ""Any()"", tanto por claridad como por rendimiento."	2026-05-15T01:12:06+0000	false			Clinica-Santa-Monica:Clinica.API/Services/Imp/FinanzasService.cs	false	{startLine=265.0, endLine=265.0, startOffset=13.0, endOffset=32.0}	0min	cdb5e8d25ea9a818c35cb98f93925ef8	OPEN
2026-05-30T23:47:29+0000	554.0	csharpsquid:S6608	Clinica-Santa-Monica	5min	CODE_SMELL	EFFICIENT		OPEN		MAIN	-	dd63b7b5-fcf8-4b91-8f25-86a53943a33e	MINOR		yukyuel@gmail.com	false	INTENTIONAL	NOT_LINKED		"{softwareQuality=MAINTAINABILITY, severity=LOW} / "	"Indexing at 0 should be used instead of the ""Enumerable"" extension method ""First"""	2026-05-15T01:12:06+0000	false	"performance / "		Clinica-Santa-Monica:Clinica.API/Services/Imp/FinanzasService.cs	false	{startLine=554.0, endLine=554.0, startOffset=31.0, endOffset=36.0}	5min	ba4a7a00b04db1444f106691bcf11811	OPEN
2026-05-30T23:47:29+0000	5.0	csharpsquid:S3993	Clinica-Santa-Monica	5min	CODE_SMELL	CONVENTIONAL		OPEN		MAIN	-	f6deb000-97e0-4d80-aa22-c46ebd91ae1d	MAJOR		yukyuel@gmail.com	false	CONSISTENT	NOT_LINKED		"{softwareQuality=MAINTAINABILITY, severity=MEDIUM} / "	Specify AttributeUsage on 'NotEmptyGuidAttribute'.	2026-05-15T01:12:06+0000	false	"api-design / "		Clinica-Santa-Monica:Clinica.Domain/Validations/NotEmptyGuidAttribute.cs	false	{startLine=5.0, endLine=5.0, startOffset=13.0, endOffset=34.0}	5min	7e2e11535ea355f4045a477d0f8df22e	OPEN
2026-05-30T23:47:29+0000	29.0	csharpsquid:S1192	Clinica-Santa-Monica	4min	CODE_SMELL	DISTINCT		OPEN	"{locations=[{component=Clinica-Santa-Monica:Clinica.Infrastructure/Data/Seeds/DataSeeder.cs, textRange={startLine=30.0, endLine=30.0, startOffset=84.0, endOffset=91.0}, msgFormattings=[]}]} / {locations=[{component=Clinica-Santa-Monica:Clinica.Infrastructure/Data/Seeds/DataSeeder.cs, textRange={startLine=31.0, endLine=31.0, startOffset=88.0, endOffset=95.0}, msgFormattings=[]}]} / {locations=[{component=Clinica-Santa-Monica:Clinica.Infrastructure/Data/Seeds/DataSeeder.cs, textRange={startLine=32.0, endLine=32.0, startOffset=82.0, endOffset=89.0}, msgFormattings=[]}]} / "	MAIN	-	3023982b-6517-4c74-8752-2215f64ecc18	MINOR		yukyuel@gmail.com	false	ADAPTABLE	NOT_LINKED		"{softwareQuality=MAINTAINABILITY, severity=LOW} / "	Define a constant instead of using this literal 'Citas' 4 times.	2026-05-15T01:12:06+0000	false	"design / "		Clinica-Santa-Monica:Clinica.Infrastructure/Data/Seeds/DataSeeder.cs	false	{startLine=29.0, endLine=29.0, startOffset=72.0, endOffset=79.0}	4min	f0ddd813e09c87fdb55a7e5cf034911e	OPEN
2026-05-30T23:47:29+0000	57.0	csharpsquid:S1192	Clinica-Santa-Monica	4min	CODE_SMELL	DISTINCT		OPEN	"{locations=[{component=Clinica-Santa-Monica:Clinica.Infrastructure/Data/Seeds/DataSeeder.cs, textRange={startLine=58.0, endLine=58.0, startOffset=82.0, endOffset=92.0}, msgFormattings=[]}]} / {locations=[{component=Clinica-Santa-Monica:Clinica.Infrastructure/Data/Seeds/DataSeeder.cs, textRange={startLine=59.0, endLine=59.0, startOffset=84.0, endOffset=94.0}, msgFormattings=[]}]} / {locations=[{component=Clinica-Santa-Monica:Clinica.Infrastructure/Data/Seeds/DataSeeder.cs, textRange={startLine=60.0, endLine=60.0, startOffset=95.0, endOffset=105.0}, msgFormattings=[]}]} / "	MAIN	-	38a9bb18-ff93-4db7-bf31-6af8e08d4281	MINOR		yukyuel@gmail.com	false	ADAPTABLE	NOT_LINKED		"{softwareQuality=MAINTAINABILITY, severity=LOW} / "	Define a constant instead of using this literal 'Usuarios' 4 times.	2026-05-15T01:12:06+0000	false	"design / "		Clinica-Santa-Monica:Clinica.Infrastructure/Data/Seeds/DataSeeder.cs	false	{startLine=57.0, endLine=57.0, startOffset=78.0, endOffset=88.0}	4min	d79fda506553afe172ae4f1e56b6919a	OPEN
2026-05-30T23:47:29+0000	62.0	csharpsquid:S1192	Clinica-Santa-Monica	4min	CODE_SMELL	DISTINCT		OPEN	"{locations=[{component=Clinica-Santa-Monica:Clinica.Infrastructure/Data/Seeds/DataSeeder.cs, textRange={startLine=63.0, endLine=63.0, startOffset=75.0, endOffset=82.0}, msgFormattings=[]}]} / {locations=[{component=Clinica-Santa-Monica:Clinica.Infrastructure/Data/Seeds/DataSeeder.cs, textRange={startLine=64.0, endLine=64.0, startOffset=77.0, endOffset=84.0}, msgFormattings=[]}]} / {locations=[{component=Clinica-Santa-Monica:Clinica.Infrastructure/Data/Seeds/DataSeeder.cs, textRange={startLine=65.0, endLine=65.0, startOffset=97.0, endOffset=104.0}, msgFormattings=[]}]} / "	MAIN	-	7ada3864-86a1-4ff1-b681-61c70216683b	MINOR		yukyuel@gmail.com	false	ADAPTABLE	NOT_LINKED		"{softwareQuality=MAINTAINABILITY, severity=LOW} / "	Define a constant instead of using this literal 'Roles' 4 times.	2026-05-15T01:12:06+0000	false	"design / "		Clinica-Santa-Monica:Clinica.Infrastructure/Data/Seeds/DataSeeder.cs	false	{startLine=62.0, endLine=62.0, startOffset=71.0, endOffset=78.0}	4min	6458936241593e89b47b222c7529e510	OPEN
2026-05-30T23:47:29+0000	71.0	csharpsquid:S1192	Clinica-Santa-Monica	4min	CODE_SMELL	DISTINCT		OPEN	"{locations=[{component=Clinica-Santa-Monica:Clinica.Infrastructure/Data/Seeds/DataSeeder.cs, textRange={startLine=72.0, endLine=72.0, startOffset=92.0, endOffset=106.0}, msgFormattings=[]}]} / {locations=[{component=Clinica-Santa-Monica:Clinica.Infrastructure/Data/Seeds/DataSeeder.cs, textRange={startLine=73.0, endLine=73.0, startOffset=92.0, endOffset=106.0}, msgFormattings=[]}]} / {locations=[{component=Clinica-Santa-Monica:Clinica.Infrastructure/Data/Seeds/DataSeeder.cs, textRange={startLine=74.0, endLine=74.0, startOffset=96.0, endOffset=110.0}, msgFormattings=[]}]} / "	MAIN	-	72108f3c-d0b3-4dd4-876e-776174df4408	MINOR		yukyuel@gmail.com	false	ADAPTABLE	NOT_LINKED		"{softwareQuality=MAINTAINABILITY, severity=LOW} / "	Define a constant instead of using this literal 'Comprobantes' 4 times.	2026-05-15T01:12:06+0000	false	"design / "		Clinica-Santa-Monica:Clinica.Infrastructure/Data/Seeds/DataSeeder.cs	false	{startLine=71.0, endLine=71.0, startOffset=86.0, endOffset=100.0}	4min	70c00656e729d8c001b44c5939229a9d	OPEN
2026-05-30T23:47:29+0000	92.0	csharpsquid:S1192	Clinica-Santa-Monica	4min	CODE_SMELL	DISTINCT		OPEN	"{locations=[{component=Clinica-Santa-Monica:Clinica.Infrastructure/Data/Seeds/DataSeeder.cs, textRange={startLine=98.0, endLine=98.0, startOffset=25.0, endOffset=40.0}, msgFormattings=[]}]} / {locations=[{component=Clinica-Santa-Monica:Clinica.Infrastructure/Data/Seeds/DataSeeder.cs, textRange={startLine=176.0, endLine=176.0, startOffset=26.0, endOffset=41.0}, msgFormattings=[]}]} / {locations=[{component=Clinica-Santa-Monica:Clinica.Infrastructure/Data/Seeds/DataSeeder.cs, textRange={startLine=195.0, endLine=195.0, startOffset=71.0, endOffset=86.0}, msgFormattings=[]}]} / "	MAIN	-	c8b7b615-17cd-4249-86b1-de4578104910	MINOR		yukyuel@gmail.com	false	ADAPTABLE	NOT_LINKED		"{softwareQuality=MAINTAINABILITY, severity=LOW} / "	Define a constant instead of using this literal 'Administrador' 4 times.	2026-05-15T01:12:06+0000	false	"design / "		Clinica-Santa-Monica:Clinica.Infrastructure/Data/Seeds/DataSeeder.cs	false	{startLine=92.0, endLine=92.0, startOffset=80.0, endOffset=95.0}	4min	d42b6a9b81f98b11702a7efbf5bc3925	OPEN
2026-05-30T23:47:29+0000	154.0	csharpsquid:S3267	Clinica-Santa-Monica	5min	CODE_SMELL	CLEAR		OPEN		MAIN	-	db5d6ac0-2090-426b-bcc3-4a59fd75a2bf	MINOR		yukyuel@gmail.com	false	INTENTIONAL	NOT_LINKED		"{softwareQuality=MAINTAINABILITY, severity=LOW} / "	Loop should be simplified by calling Select(permiso => permiso.Id))	2026-05-15T01:12:06+0000	false			Clinica-Santa-Monica:Clinica.Infrastructure/Data/Seeds/DataSeeder.cs	false	{startLine=154.0, endLine=154.0, startOffset=32.0, endOffset=40.0}	5min	375a62cfe0e785ad6554f7f9cf9d2fcb	OPEN
2026-05-30T23:47:29+0000	3.0	csharpsquid:S2094	Clinica-Santa-Monica	5min	CODE_SMELL	CLEAR		OPEN		MAIN	-	86401300-e81d-4a2b-9382-6ba43ab16d92	MINOR		yukyuel@gmail.com	false	INTENTIONAL	NOT_LINKED		"{softwareQuality=MAINTAINABILITY, severity=LOW} / "	"Remove this empty class, write its code or make it an ""interface""."	2026-05-15T01:12:06+0000	false	"clumsy / "		Clinica-Santa-Monica:Clinica.Infrastructure/Documents/Comprobantes/Pdf/BoletaPagoPdfDocument.cs	false	{startLine=3.0, endLine=3.0, startOffset=13.0, endOffset=34.0}	5min	e6ea7c1c5cc04607c6b2929b4387e6a5	OPEN
2026-05-30T23:47:29+0000	3.0	csharpsquid:S2094	Clinica-Santa-Monica	5min	CODE_SMELL	CLEAR		OPEN		MAIN	-	cb6cc3df-2bd1-4f24-a190-3f4483a5b9d9	MINOR		yukyuel@gmail.com	false	INTENTIONAL	NOT_LINKED		"{softwareQuality=MAINTAINABILITY, severity=LOW} / "	"Remove this empty class, write its code or make it an ""interface""."	2026-05-15T01:12:06+0000	false	"clumsy / "		Clinica-Santa-Monica:Clinica.Infrastructure/Documents/Comprobantes/Pdf/ConstanciaCitaPdfDocument.cs	false	{startLine=3.0, endLine=3.0, startOffset=13.0, endOffset=38.0}	5min	a9ee9941bb699d68e0224a8f6451d3e0	OPEN
2026-05-30T23:47:29+0000	3.0	csharpsquid:S2094	Clinica-Santa-Monica	5min	CODE_SMELL	CLEAR		OPEN		MAIN	-	06dc4703-37ab-46d3-ab01-8870b9e7749c	MINOR		yukyuel@gmail.com	false	INTENTIONAL	NOT_LINKED		"{softwareQuality=MAINTAINABILITY, severity=LOW} / "	"Remove this empty class, write its code or make it an ""interface""."	2026-05-15T01:12:06+0000	false	"clumsy / "		Clinica-Santa-Monica:Clinica.Infrastructure/Documents/Comprobantes/Pdf/EstadoCuentaPacientePdfDocument.cs	false	{startLine=3.0, endLine=3.0, startOffset=13.0, endOffset=44.0}	5min	1d31f5ce70ce6a80f247a0f40d1882b0	OPEN
2026-05-30T23:47:29+0000	3.0	csharpsquid:S2094	Clinica-Santa-Monica	5min	CODE_SMELL	CLEAR		OPEN		MAIN	-	5fad1b0b-17cf-48f2-97ab-24d9ea1281e5	MINOR		yukyuel@gmail.com	false	INTENTIONAL	NOT_LINKED		"{softwareQuality=MAINTAINABILITY, severity=LOW} / "	"Remove this empty class, write its code or make it an ""interface""."	2026-05-15T01:12:06+0000	false	"clumsy / "		Clinica-Santa-Monica:Clinica.Infrastructure/Documents/Comprobantes/Pdf/ReporteCajaDiarioPdfDocument.cs	false	{startLine=3.0, endLine=3.0, startOffset=13.0, endOffset=41.0}	5min	9887f4436a84c9eda51d3f5278f7c70e	OPEN
2026-05-30T23:47:29+0000	3.0	csharpsquid:S2094	Clinica-Santa-Monica	5min	CODE_SMELL	CLEAR		OPEN		MAIN	-	eb29a3a8-36eb-468d-8541-4679b9b7d178	MINOR		yukyuel@gmail.com	false	INTENTIONAL	NOT_LINKED		"{softwareQuality=MAINTAINABILITY, severity=LOW} / "	"Remove this empty class, write its code or make it an ""interface""."	2026-05-15T01:12:06+0000	false	"clumsy / "		Clinica-Santa-Monica:Clinica.Infrastructure/Documents/Comprobantes/Pdf/ResumenAtencionPdfDocument.cs	false	{startLine=3.0, endLine=3.0, startOffset=13.0, endOffset=39.0}	5min	4da40ac0bf5c24025797468076d86e2f	OPEN
2026-05-30T23:47:29+0000	63.0	external_roslyn:CA1862	Clinica-Santa-Monica	0min	CODE_SMELL	CONVENTIONAL		OPEN		MAIN	roslyn	848278cc-6ab4-49bb-aff3-e0b0720ae944	INFO		yukyuel@gmail.com	false	CONSISTENT	NOT_LINKED		"{softwareQuality=MAINTAINABILITY, severity=INFO} / "	"Prefiera usar ""string.Equals(string, StringComparison)"" para realizar una comparación sin distinción de mayúsculas y minúsculas, pero tenga en cuenta que esto puede provocar cambios sutiles en el comportamiento, por lo que asegúrese de realizar pruebas exhaustivas después de aplicar la sugerencia, o si no se requiere una comparación culturalmente confidencial, considere la posibilidad de usar ""StringComparison.OrdinalIgnoreCase"""	2026-05-15T01:12:06+0000	false			Clinica-Santa-Monica:Clinica.Infrastructure/Repositories/AjusteFinancieroRepository.cs	false	{startLine=63.0, endLine=63.0, startOffset=16.0, endOffset=62.0}	0min	1abb95f915ba7394949a4aa27f31ce12	OPEN
2026-05-30T23:47:29+0000	68.0	external_roslyn:CS8602	Clinica-Santa-Monica	0min	CODE_SMELL	CONVENTIONAL		OPEN		MAIN	roslyn	4288dac0-a87c-4562-8dfb-fe4961f0a832	MAJOR		yukyuel@gmail.com	false	CONSISTENT	NOT_LINKED		"{softwareQuality=MAINTAINABILITY, severity=MEDIUM} / "	Desreferencia de una referencia posiblemente NULL.	2026-05-15T01:12:06+0000	false			Clinica-Santa-Monica:Clinica.Infrastructure/Repositories/PagoRepository.cs	false	{startLine=68.0, endLine=68.0, startOffset=30.0, endOffset=31.0}	0min	025a0a581e0d267ec752ec7a5ef968e4	OPEN
2026-05-30T23:47:29+0000	81.0	external_roslyn:CS8602	Clinica-Santa-Monica	0min	CODE_SMELL	CONVENTIONAL		OPEN		MAIN	roslyn	b028e98f-a9ba-4f0d-9b1c-c4c150e26a6f	MAJOR		yukyuel@gmail.com	false	CONSISTENT	NOT_LINKED		"{softwareQuality=MAINTAINABILITY, severity=MEDIUM} / "	Desreferencia de una referencia posiblemente NULL.	2026-05-15T01:12:06+0000	false			Clinica-Santa-Monica:Clinica.Infrastructure/Repositories/PagoRepository.cs	false	{startLine=81.0, endLine=81.0, startOffset=34.0, endOffset=35.0}	0min	025a0a581e0d267ec752ec7a5ef968e4	OPEN
2026-05-30T23:47:29+0000	113.0	csharpsquid:S1144	Clinica-Santa-Monica	2min	CODE_SMELL	CLEAR		OPEN		MAIN	-	d52876fa-b01e-40e7-90ee-1d3e11815b09	MAJOR		yukyuel@gmail.com	false	INTENTIONAL	NOT_LINKED		"{softwareQuality=MAINTAINABILITY, severity=MEDIUM} / "	Remove the unused private method 'Cerrar'.	2026-05-15T01:12:06+0000	false	"unused / "		Clinica-Santa-Monica:Clinica.WASM/Components/Pacientes/PacienteDetalleDialog.razor	false	{startLine=113.0, endLine=113.0, startOffset=17.0, endOffset=23.0}	2min	944a3fcedf520b5c13002e4aaef18c3d	OPEN
2026-05-30T23:47:29+0000	8.0	csharpsquid:S2325	Clinica-Santa-Monica	5min	CODE_SMELL	CLEAR		OPEN		MAIN	-	0d992142-8f66-491e-84ca-56ce9ef3bc0e	MINOR		yukyuel@gmail.com	false	INTENTIONAL	NOT_LINKED		"{softwareQuality=MAINTAINABILITY, severity=LOW} / "	Make 'ObtenerMensajeErrorAsync' a static method.	2026-05-15T01:12:06+0000	false	"pitfall / "		Clinica-Santa-Monica:Clinica.WASM/Services/Api/ApiErrorService.cs	false	{startLine=8.0, endLine=8.0, startOffset=30.0, endOffset=54.0}	5min	869663907ebc8af19f3f391409fb1e28	OPEN
2026-05-30T23:47:29+0000	8.0	external_roslyn:CA1822	Clinica-Santa-Monica	0min	CODE_SMELL	CONVENTIONAL		OPEN		MAIN	roslyn	2eead41c-a245-42e1-9c84-dc5c91f1c66f	INFO		yukyuel@gmail.com	false	CONSISTENT	NOT_LINKED		"{softwareQuality=MAINTAINABILITY, severity=INFO} / "	"El miembro ""ObtenerMensajeErrorAsync"" no tiene acceso a los datos de la instancia y se puede marcar como static."	2026-05-15T01:12:06+0000	false			Clinica-Santa-Monica:Clinica.WASM/Services/Api/ApiErrorService.cs	false	{startLine=8.0, endLine=8.0, startOffset=30.0, endOffset=54.0}	0min	869663907ebc8af19f3f391409fb1e28	OPEN
2026-05-30T23:47:29+0000	29.0	csharpsquid:S1192	Clinica-Santa-Monica	4min	CODE_SMELL	DISTINCT		OPEN	"{locations=[{component=Clinica-Santa-Monica:Clinica.WASM/Services/Auth/TokenStorageService.cs, textRange={startLine=30.0, endLine=30.0, startOffset=41.0, endOffset=63.0}, msgFormattings=[]}]} / {locations=[{component=Clinica-Santa-Monica:Clinica.WASM/Services/Auth/TokenStorageService.cs, textRange={startLine=31.0, endLine=31.0, startOffset=41.0, endOffset=63.0}, msgFormattings=[]}]} / {locations=[{component=Clinica-Santa-Monica:Clinica.WASM/Services/Auth/TokenStorageService.cs, textRange={startLine=32.0, endLine=32.0, startOffset=41.0, endOffset=63.0}, msgFormattings=[]}]} / {locations=[{component=Clinica-Santa-Monica:Clinica.WASM/Services/Auth/TokenStorageService.cs, textRange={startLine=33.0, endLine=33.0, startOffset=41.0, endOffset=63.0}, msgFormattings=[]}]} / {locations=[{component=Clinica-Santa-Monica:Clinica.WASM/Services/Auth/TokenStorageService.cs, textRange={startLine=34.0, endLine=34.0, startOffset=41.0, endOffset=63.0}, msgFormattings=[]}]} / "	MAIN	-	aa6ddf54-7b3f-4134-be55-95d74eebc406	MINOR		yukyuel@gmail.com	false	ADAPTABLE	NOT_LINKED		"{softwareQuality=MAINTAINABILITY, severity=LOW} / "	Define a constant instead of using this literal 'localStorage.setItem' 6 times.	2026-05-15T01:12:06+0000	false	"design / "		Clinica-Santa-Monica:Clinica.WASM/Services/Auth/TokenStorageService.cs	false	{startLine=29.0, endLine=29.0, startOffset=41.0, endOffset=63.0}	4min	d6ea8547e6251dcc7a6826452e4a40e4	OPEN
2026-05-30T23:47:29+0000	39.0	csharpsquid:S1192	Clinica-Santa-Monica	4min	CODE_SMELL	DISTINCT		OPEN	"{locations=[{component=Clinica-Santa-Monica:Clinica.WASM/Services/Auth/TokenStorageService.cs, textRange={startLine=44.0, endLine=44.0, startOffset=53.0, endOffset=75.0}, msgFormattings=[]}]} / {locations=[{component=Clinica-Santa-Monica:Clinica.WASM/Services/Auth/TokenStorageService.cs, textRange={startLine=49.0, endLine=49.0, startOffset=53.0, endOffset=75.0}, msgFormattings=[]}]} / {locations=[{component=Clinica-Santa-Monica:Clinica.WASM/Services/Auth/TokenStorageService.cs, textRange={startLine=54.0, endLine=54.0, startOffset=53.0, endOffset=75.0}, msgFormattings=[]}]} / {locations=[{component=Clinica-Santa-Monica:Clinica.WASM/Services/Auth/TokenStorageService.cs, textRange={startLine=59.0, endLine=59.0, startOffset=58.0, endOffset=80.0}, msgFormattings=[]}]} / {locations=[{component=Clinica-Santa-Monica:Clinica.WASM/Services/Auth/TokenStorageService.cs, textRange={startLine=68.0, endLine=68.0, startOffset=61.0, endOffset=83.0}, msgFormattings=[]}]} / "	MAIN	-	eb1cab53-c3e3-4d0e-96ec-10b744cdfd3c	MINOR		yukyuel@gmail.com	false	ADAPTABLE	NOT_LINKED		"{softwareQuality=MAINTAINABILITY, severity=LOW} / "	Define a constant instead of using this literal 'localStorage.getItem' 6 times.	2026-05-15T01:12:06+0000	false	"design / "		Clinica-Santa-Monica:Clinica.WASM/Services/Auth/TokenStorageService.cs	false	{startLine=39.0, endLine=39.0, startOffset=53.0, endOffset=75.0}	4min	d40a5da79ed20593d7347842234b2366	OPEN
2026-05-30T23:47:29+0000	77.0	csharpsquid:S1192	Clinica-Santa-Monica	4min	CODE_SMELL	DISTINCT		OPEN	"{locations=[{component=Clinica-Santa-Monica:Clinica.WASM/Services/Auth/TokenStorageService.cs, textRange={startLine=78.0, endLine=78.0, startOffset=41.0, endOffset=66.0}, msgFormattings=[]}]} / {locations=[{component=Clinica-Santa-Monica:Clinica.WASM/Services/Auth/TokenStorageService.cs, textRange={startLine=79.0, endLine=79.0, startOffset=41.0, endOffset=66.0}, msgFormattings=[]}]} / {locations=[{component=Clinica-Santa-Monica:Clinica.WASM/Services/Auth/TokenStorageService.cs, textRange={startLine=80.0, endLine=80.0, startOffset=41.0, endOffset=66.0}, msgFormattings=[]}]} / {locations=[{component=Clinica-Santa-Monica:Clinica.WASM/Services/Auth/TokenStorageService.cs, textRange={startLine=81.0, endLine=81.0, startOffset=41.0, endOffset=66.0}, msgFormattings=[]}]} / {locations=[{component=Clinica-Santa-Monica:Clinica.WASM/Services/Auth/TokenStorageService.cs, textRange={startLine=82.0, endLine=82.0, startOffset=41.0, endOffset=66.0}, msgFormattings=[]}]} / "	MAIN	-	3c736500-ed0c-44ed-99b9-b0e4464ef701	MINOR		yukyuel@gmail.com	false	ADAPTABLE	NOT_LINKED		"{softwareQuality=MAINTAINABILITY, severity=LOW} / "	Define a constant instead of using this literal 'localStorage.removeItem' 6 times.	2026-05-15T01:12:06+0000	false	"design / "		Clinica-Santa-Monica:Clinica.WASM/Services/Auth/TokenStorageService.cs	false	{startLine=77.0, endLine=77.0, startOffset=41.0, endOffset=66.0}	4min	fc9d0a0274ca39be08e96a3b0df7d48f	OPEN
